[2025-06-10T01:30:43.456+0000] {processor.py:161} INFO - Started process (PID=64) to work on /home/airflow/.local/lib/python3.12/site-packages/airflow/example_dags/example_bash_decorator.py
[2025-06-10T01:30:43.457+0000] {processor.py:830} INFO - Processing file /home/airflow/.local/lib/python3.12/site-packages/airflow/example_dags/example_bash_decorator.py for tasks to queue
[2025-06-10T01:30:43.459+0000] {logging_mixin.py:188} INFO - [2025-06-10T01:30:43.459+0000] {dagbag.py:545} INFO - Filling up the DagBag from /home/airflow/.local/lib/python3.12/site-packages/airflow/example_dags/example_bash_decorator.py
[2025-06-10T01:30:43.481+0000] {processor.py:840} INFO - DAG(s) 'example_bash_decorator' retrieved from /home/airflow/.local/lib/python3.12/site-packages/airflow/example_dags/example_bash_decorator.py
[2025-06-10T01:30:43.668+0000] {logging_mixin.py:188} INFO - [2025-06-10T01:30:43.668+0000] {dag.py:3096} INFO - Sync 1 DAGs
[2025-06-10T01:30:43.680+0000] {logging_mixin.py:188} INFO - [2025-06-10T01:30:43.679+0000] {dag.py:3954} INFO - Setting next_dagrun for example_bash_decorator to None, run_after=None
[2025-06-10T01:30:43.709+0000] {processor.py:183} INFO - Processing /home/airflow/.local/lib/python3.12/site-packages/airflow/example_dags/example_bash_decorator.py took 0.260 seconds
[2025-06-10T01:31:14.490+0000] {processor.py:161} INFO - Started process (PID=127) to work on /home/airflow/.local/lib/python3.12/site-packages/airflow/example_dags/example_bash_decorator.py
[2025-06-10T01:31:14.493+0000] {processor.py:830} INFO - Processing file /home/airflow/.local/lib/python3.12/site-packages/airflow/example_dags/example_bash_decorator.py for tasks to queue
[2025-06-10T01:31:14.497+0000] {logging_mixin.py:188} INFO - [2025-06-10T01:31:14.497+0000] {dagbag.py:545} INFO - Filling up the DagBag from /home/airflow/.local/lib/python3.12/site-packages/airflow/example_dags/example_bash_decorator.py
[2025-06-10T01:31:14.530+0000] {processor.py:840} INFO - DAG(s) 'example_bash_decorator' retrieved from /home/airflow/.local/lib/python3.12/site-packages/airflow/example_dags/example_bash_decorator.py
[2025-06-10T01:31:14.615+0000] {logging_mixin.py:188} INFO - [2025-06-10T01:31:14.614+0000] {dag.py:3096} INFO - Sync 1 DAGs
[2025-06-10T01:31:14.639+0000] {logging_mixin.py:188} INFO - [2025-06-10T01:31:14.638+0000] {dag.py:3954} INFO - Setting next_dagrun for example_bash_decorator to None, run_after=None
[2025-06-10T01:31:14.698+0000] {processor.py:183} INFO - Processing /home/airflow/.local/lib/python3.12/site-packages/airflow/example_dags/example_bash_decorator.py took 0.225 seconds
[2025-06-10T01:31:45.223+0000] {processor.py:161} INFO - Started process (PID=190) to work on /home/airflow/.local/lib/python3.12/site-packages/airflow/example_dags/example_bash_decorator.py
[2025-06-10T01:31:45.226+0000] {processor.py:830} INFO - Processing file /home/airflow/.local/lib/python3.12/site-packages/airflow/example_dags/example_bash_decorator.py for tasks to queue
[2025-06-10T01:31:45.232+0000] {logging_mixin.py:188} INFO - [2025-06-10T01:31:45.232+0000] {dagbag.py:545} INFO - Filling up the DagBag from /home/airflow/.local/lib/python3.12/site-packages/airflow/example_dags/example_bash_decorator.py
[2025-06-10T01:31:45.271+0000] {processor.py:840} INFO - DAG(s) 'example_bash_decorator' retrieved from /home/airflow/.local/lib/python3.12/site-packages/airflow/example_dags/example_bash_decorator.py
[2025-06-10T01:31:45.321+0000] {logging_mixin.py:188} INFO - [2025-06-10T01:31:45.321+0000] {dag.py:3096} INFO - Sync 1 DAGs
[2025-06-10T01:31:45.358+0000] {logging_mixin.py:188} INFO - [2025-06-10T01:31:45.358+0000] {dag.py:3954} INFO - Setting next_dagrun for example_bash_decorator to None, run_after=None
[2025-06-10T01:31:45.418+0000] {processor.py:183} INFO - Processing /home/airflow/.local/lib/python3.12/site-packages/airflow/example_dags/example_bash_decorator.py took 0.202 seconds
[2025-06-10T01:32:15.875+0000] {processor.py:161} INFO - Started process (PID=253) to work on /home/airflow/.local/lib/python3.12/site-packages/airflow/example_dags/example_bash_decorator.py
[2025-06-10T01:32:15.877+0000] {processor.py:830} INFO - Processing file /home/airflow/.local/lib/python3.12/site-packages/airflow/example_dags/example_bash_decorator.py for tasks to queue
[2025-06-10T01:32:15.879+0000] {logging_mixin.py:188} INFO - [2025-06-10T01:32:15.879+0000] {dagbag.py:545} INFO - Filling up the DagBag from /home/airflow/.local/lib/python3.12/site-packages/airflow/example_dags/example_bash_decorator.py
[2025-06-10T01:32:15.896+0000] {processor.py:840} INFO - DAG(s) 'example_bash_decorator' retrieved from /home/airflow/.local/lib/python3.12/site-packages/airflow/example_dags/example_bash_decorator.py
[2025-06-10T01:32:15.926+0000] {logging_mixin.py:188} INFO - [2025-06-10T01:32:15.926+0000] {dag.py:3096} INFO - Sync 1 DAGs
[2025-06-10T01:32:15.942+0000] {logging_mixin.py:188} INFO - [2025-06-10T01:32:15.942+0000] {dag.py:3954} INFO - Setting next_dagrun for example_bash_decorator to None, run_after=None
[2025-06-10T01:32:15.967+0000] {processor.py:183} INFO - Processing /home/airflow/.local/lib/python3.12/site-packages/airflow/example_dags/example_bash_decorator.py took 0.101 seconds
[2025-06-10T01:32:47.341+0000] {processor.py:161} INFO - Started process (PID=316) to work on /home/airflow/.local/lib/python3.12/site-packages/airflow/example_dags/example_bash_decorator.py
[2025-06-10T01:32:47.342+0000] {processor.py:830} INFO - Processing file /home/airflow/.local/lib/python3.12/site-packages/airflow/example_dags/example_bash_decorator.py for tasks to queue
[2025-06-10T01:32:47.344+0000] {logging_mixin.py:188} INFO - [2025-06-10T01:32:47.344+0000] {dagbag.py:545} INFO - Filling up the DagBag from /home/airflow/.local/lib/python3.12/site-packages/airflow/example_dags/example_bash_decorator.py
[2025-06-10T01:32:47.361+0000] {processor.py:840} INFO - DAG(s) 'example_bash_decorator' retrieved from /home/airflow/.local/lib/python3.12/site-packages/airflow/example_dags/example_bash_decorator.py
[2025-06-10T01:32:47.389+0000] {logging_mixin.py:188} INFO - [2025-06-10T01:32:47.388+0000] {dag.py:3096} INFO - Sync 1 DAGs
[2025-06-10T01:32:47.406+0000] {logging_mixin.py:188} INFO - [2025-06-10T01:32:47.406+0000] {dag.py:3954} INFO - Setting next_dagrun for example_bash_decorator to None, run_after=None
[2025-06-10T01:32:47.446+0000] {processor.py:183} INFO - Processing /home/airflow/.local/lib/python3.12/site-packages/airflow/example_dags/example_bash_decorator.py took 0.113 seconds
[2025-06-10T01:33:18.639+0000] {processor.py:161} INFO - Started process (PID=379) to work on /home/airflow/.local/lib/python3.12/site-packages/airflow/example_dags/example_bash_decorator.py
[2025-06-10T01:33:18.642+0000] {processor.py:830} INFO - Processing file /home/airflow/.local/lib/python3.12/site-packages/airflow/example_dags/example_bash_decorator.py for tasks to queue
[2025-06-10T01:33:18.646+0000] {logging_mixin.py:188} INFO - [2025-06-10T01:33:18.645+0000] {dagbag.py:545} INFO - Filling up the DagBag from /home/airflow/.local/lib/python3.12/site-packages/airflow/example_dags/example_bash_decorator.py
[2025-06-10T01:33:18.664+0000] {processor.py:840} INFO - DAG(s) 'example_bash_decorator' retrieved from /home/airflow/.local/lib/python3.12/site-packages/airflow/example_dags/example_bash_decorator.py
[2025-06-10T01:33:18.707+0000] {logging_mixin.py:188} INFO - [2025-06-10T01:33:18.706+0000] {dag.py:3096} INFO - Sync 1 DAGs
[2025-06-10T01:33:18.733+0000] {logging_mixin.py:188} INFO - [2025-06-10T01:33:18.732+0000] {dag.py:3954} INFO - Setting next_dagrun for example_bash_decorator to None, run_after=None
[2025-06-10T01:33:18.795+0000] {processor.py:183} INFO - Processing /home/airflow/.local/lib/python3.12/site-packages/airflow/example_dags/example_bash_decorator.py took 0.170 seconds
[2025-06-10T01:33:50.286+0000] {processor.py:161} INFO - Started process (PID=443) to work on /home/airflow/.local/lib/python3.12/site-packages/airflow/example_dags/example_bash_decorator.py
[2025-06-10T01:33:50.287+0000] {processor.py:830} INFO - Processing file /home/airflow/.local/lib/python3.12/site-packages/airflow/example_dags/example_bash_decorator.py for tasks to queue
[2025-06-10T01:33:50.289+0000] {logging_mixin.py:188} INFO - [2025-06-10T01:33:50.289+0000] {dagbag.py:545} INFO - Filling up the DagBag from /home/airflow/.local/lib/python3.12/site-packages/airflow/example_dags/example_bash_decorator.py
[2025-06-10T01:33:50.305+0000] {processor.py:840} INFO - DAG(s) 'example_bash_decorator' retrieved from /home/airflow/.local/lib/python3.12/site-packages/airflow/example_dags/example_bash_decorator.py
[2025-06-10T01:33:50.334+0000] {logging_mixin.py:188} INFO - [2025-06-10T01:33:50.333+0000] {dag.py:3096} INFO - Sync 1 DAGs
[2025-06-10T01:33:50.349+0000] {logging_mixin.py:188} INFO - [2025-06-10T01:33:50.348+0000] {dag.py:3954} INFO - Setting next_dagrun for example_bash_decorator to None, run_after=None
[2025-06-10T01:33:50.376+0000] {processor.py:183} INFO - Processing /home/airflow/.local/lib/python3.12/site-packages/airflow/example_dags/example_bash_decorator.py took 0.098 seconds
[2025-06-10T01:34:21.382+0000] {processor.py:161} INFO - Started process (PID=506) to work on /home/airflow/.local/lib/python3.12/site-packages/airflow/example_dags/example_bash_decorator.py
[2025-06-10T01:34:21.384+0000] {processor.py:830} INFO - Processing file /home/airflow/.local/lib/python3.12/site-packages/airflow/example_dags/example_bash_decorator.py for tasks to queue
[2025-06-10T01:34:21.386+0000] {logging_mixin.py:188} INFO - [2025-06-10T01:34:21.386+0000] {dagbag.py:545} INFO - Filling up the DagBag from /home/airflow/.local/lib/python3.12/site-packages/airflow/example_dags/example_bash_decorator.py
[2025-06-10T01:34:21.421+0000] {processor.py:840} INFO - DAG(s) 'example_bash_decorator' retrieved from /home/airflow/.local/lib/python3.12/site-packages/airflow/example_dags/example_bash_decorator.py
[2025-06-10T01:34:21.454+0000] {logging_mixin.py:188} INFO - [2025-06-10T01:34:21.453+0000] {dag.py:3096} INFO - Sync 1 DAGs
[2025-06-10T01:34:21.473+0000] {logging_mixin.py:188} INFO - [2025-06-10T01:34:21.473+0000] {dag.py:3954} INFO - Setting next_dagrun for example_bash_decorator to None, run_after=None
[2025-06-10T01:34:21.503+0000] {processor.py:183} INFO - Processing /home/airflow/.local/lib/python3.12/site-packages/airflow/example_dags/example_bash_decorator.py took 0.128 seconds
[2025-06-10T01:34:53.927+0000] {processor.py:161} INFO - Started process (PID=570) to work on /home/airflow/.local/lib/python3.12/site-packages/airflow/example_dags/example_bash_decorator.py
[2025-06-10T01:34:53.930+0000] {processor.py:830} INFO - Processing file /home/airflow/.local/lib/python3.12/site-packages/airflow/example_dags/example_bash_decorator.py for tasks to queue
[2025-06-10T01:34:53.934+0000] {logging_mixin.py:188} INFO - [2025-06-10T01:34:53.933+0000] {dagbag.py:545} INFO - Filling up the DagBag from /home/airflow/.local/lib/python3.12/site-packages/airflow/example_dags/example_bash_decorator.py
[2025-06-10T01:34:53.966+0000] {processor.py:840} INFO - DAG(s) 'example_bash_decorator' retrieved from /home/airflow/.local/lib/python3.12/site-packages/airflow/example_dags/example_bash_decorator.py
[2025-06-10T01:34:54.018+0000] {logging_mixin.py:188} INFO - [2025-06-10T01:34:54.017+0000] {dag.py:3096} INFO - Sync 1 DAGs
[2025-06-10T01:34:54.050+0000] {logging_mixin.py:188} INFO - [2025-06-10T01:34:54.050+0000] {dag.py:3954} INFO - Setting next_dagrun for example_bash_decorator to None, run_after=None
[2025-06-10T01:34:54.081+0000] {processor.py:183} INFO - Processing /home/airflow/.local/lib/python3.12/site-packages/airflow/example_dags/example_bash_decorator.py took 0.167 seconds
[2025-06-10T01:35:24.219+0000] {processor.py:161} INFO - Started process (PID=633) to work on /home/airflow/.local/lib/python3.12/site-packages/airflow/example_dags/example_bash_decorator.py
[2025-06-10T01:35:24.222+0000] {processor.py:830} INFO - Processing file /home/airflow/.local/lib/python3.12/site-packages/airflow/example_dags/example_bash_decorator.py for tasks to queue
[2025-06-10T01:35:24.226+0000] {logging_mixin.py:188} INFO - [2025-06-10T01:35:24.225+0000] {dagbag.py:545} INFO - Filling up the DagBag from /home/airflow/.local/lib/python3.12/site-packages/airflow/example_dags/example_bash_decorator.py
[2025-06-10T01:35:24.257+0000] {processor.py:840} INFO - DAG(s) 'example_bash_decorator' retrieved from /home/airflow/.local/lib/python3.12/site-packages/airflow/example_dags/example_bash_decorator.py
[2025-06-10T01:35:24.295+0000] {logging_mixin.py:188} INFO - [2025-06-10T01:35:24.294+0000] {dag.py:3096} INFO - Sync 1 DAGs
[2025-06-10T01:35:24.311+0000] {logging_mixin.py:188} INFO - [2025-06-10T01:35:24.310+0000] {dag.py:3954} INFO - Setting next_dagrun for example_bash_decorator to None, run_after=None
[2025-06-10T01:35:24.341+0000] {processor.py:183} INFO - Processing /home/airflow/.local/lib/python3.12/site-packages/airflow/example_dags/example_bash_decorator.py took 0.136 seconds
[2025-06-10T01:35:54.747+0000] {processor.py:161} INFO - Started process (PID=696) to work on /home/airflow/.local/lib/python3.12/site-packages/airflow/example_dags/example_bash_decorator.py
[2025-06-10T01:35:54.749+0000] {processor.py:830} INFO - Processing file /home/airflow/.local/lib/python3.12/site-packages/airflow/example_dags/example_bash_decorator.py for tasks to queue
[2025-06-10T01:35:54.752+0000] {logging_mixin.py:188} INFO - [2025-06-10T01:35:54.751+0000] {dagbag.py:545} INFO - Filling up the DagBag from /home/airflow/.local/lib/python3.12/site-packages/airflow/example_dags/example_bash_decorator.py
[2025-06-10T01:35:54.775+0000] {processor.py:840} INFO - DAG(s) 'example_bash_decorator' retrieved from /home/airflow/.local/lib/python3.12/site-packages/airflow/example_dags/example_bash_decorator.py
[2025-06-10T01:35:54.803+0000] {logging_mixin.py:188} INFO - [2025-06-10T01:35:54.802+0000] {dag.py:3096} INFO - Sync 1 DAGs
[2025-06-10T01:35:54.817+0000] {logging_mixin.py:188} INFO - [2025-06-10T01:35:54.817+0000] {dag.py:3954} INFO - Setting next_dagrun for example_bash_decorator to None, run_after=None
[2025-06-10T01:35:54.853+0000] {processor.py:183} INFO - Processing /home/airflow/.local/lib/python3.12/site-packages/airflow/example_dags/example_bash_decorator.py took 0.117 seconds
[2025-06-10T01:36:25.799+0000] {processor.py:161} INFO - Started process (PID=759) to work on /home/airflow/.local/lib/python3.12/site-packages/airflow/example_dags/example_bash_decorator.py
[2025-06-10T01:36:25.802+0000] {processor.py:830} INFO - Processing file /home/airflow/.local/lib/python3.12/site-packages/airflow/example_dags/example_bash_decorator.py for tasks to queue
[2025-06-10T01:36:25.806+0000] {logging_mixin.py:188} INFO - [2025-06-10T01:36:25.805+0000] {dagbag.py:545} INFO - Filling up the DagBag from /home/airflow/.local/lib/python3.12/site-packages/airflow/example_dags/example_bash_decorator.py
[2025-06-10T01:36:25.838+0000] {processor.py:840} INFO - DAG(s) 'example_bash_decorator' retrieved from /home/airflow/.local/lib/python3.12/site-packages/airflow/example_dags/example_bash_decorator.py
[2025-06-10T01:36:25.898+0000] {logging_mixin.py:188} INFO - [2025-06-10T01:36:25.897+0000] {dag.py:3096} INFO - Sync 1 DAGs
[2025-06-10T01:36:25.932+0000] {logging_mixin.py:188} INFO - [2025-06-10T01:36:25.932+0000] {dag.py:3954} INFO - Setting next_dagrun for example_bash_decorator to None, run_after=None
[2025-06-10T01:36:25.986+0000] {processor.py:183} INFO - Processing /home/airflow/.local/lib/python3.12/site-packages/airflow/example_dags/example_bash_decorator.py took 0.201 seconds
[2025-06-10T01:36:56.652+0000] {processor.py:161} INFO - Started process (PID=822) to work on /home/airflow/.local/lib/python3.12/site-packages/airflow/example_dags/example_bash_decorator.py
[2025-06-10T01:36:56.653+0000] {processor.py:830} INFO - Processing file /home/airflow/.local/lib/python3.12/site-packages/airflow/example_dags/example_bash_decorator.py for tasks to queue
[2025-06-10T01:36:56.656+0000] {logging_mixin.py:188} INFO - [2025-06-10T01:36:56.655+0000] {dagbag.py:545} INFO - Filling up the DagBag from /home/airflow/.local/lib/python3.12/site-packages/airflow/example_dags/example_bash_decorator.py
[2025-06-10T01:36:56.672+0000] {processor.py:840} INFO - DAG(s) 'example_bash_decorator' retrieved from /home/airflow/.local/lib/python3.12/site-packages/airflow/example_dags/example_bash_decorator.py
[2025-06-10T01:36:56.706+0000] {logging_mixin.py:188} INFO - [2025-06-10T01:36:56.706+0000] {dag.py:3096} INFO - Sync 1 DAGs
[2025-06-10T01:36:56.720+0000] {logging_mixin.py:188} INFO - [2025-06-10T01:36:56.720+0000] {dag.py:3954} INFO - Setting next_dagrun for example_bash_decorator to None, run_after=None
[2025-06-10T01:36:56.748+0000] {processor.py:183} INFO - Processing /home/airflow/.local/lib/python3.12/site-packages/airflow/example_dags/example_bash_decorator.py took 0.104 seconds
[2025-06-10T01:37:27.462+0000] {processor.py:161} INFO - Started process (PID=885) to work on /home/airflow/.local/lib/python3.12/site-packages/airflow/example_dags/example_bash_decorator.py
[2025-06-10T01:37:27.464+0000] {processor.py:830} INFO - Processing file /home/airflow/.local/lib/python3.12/site-packages/airflow/example_dags/example_bash_decorator.py for tasks to queue
[2025-06-10T01:37:27.466+0000] {logging_mixin.py:188} INFO - [2025-06-10T01:37:27.466+0000] {dagbag.py:545} INFO - Filling up the DagBag from /home/airflow/.local/lib/python3.12/site-packages/airflow/example_dags/example_bash_decorator.py
[2025-06-10T01:37:27.483+0000] {processor.py:840} INFO - DAG(s) 'example_bash_decorator' retrieved from /home/airflow/.local/lib/python3.12/site-packages/airflow/example_dags/example_bash_decorator.py
[2025-06-10T01:37:27.515+0000] {logging_mixin.py:188} INFO - [2025-06-10T01:37:27.514+0000] {dag.py:3096} INFO - Sync 1 DAGs
[2025-06-10T01:37:27.530+0000] {logging_mixin.py:188} INFO - [2025-06-10T01:37:27.530+0000] {dag.py:3954} INFO - Setting next_dagrun for example_bash_decorator to None, run_after=None
[2025-06-10T01:37:27.560+0000] {processor.py:183} INFO - Processing /home/airflow/.local/lib/python3.12/site-packages/airflow/example_dags/example_bash_decorator.py took 0.106 seconds
[2025-06-10T01:37:59.218+0000] {processor.py:161} INFO - Started process (PID=948) to work on /home/airflow/.local/lib/python3.12/site-packages/airflow/example_dags/example_bash_decorator.py
[2025-06-10T01:37:59.220+0000] {processor.py:830} INFO - Processing file /home/airflow/.local/lib/python3.12/site-packages/airflow/example_dags/example_bash_decorator.py for tasks to queue
[2025-06-10T01:37:59.222+0000] {logging_mixin.py:188} INFO - [2025-06-10T01:37:59.222+0000] {dagbag.py:545} INFO - Filling up the DagBag from /home/airflow/.local/lib/python3.12/site-packages/airflow/example_dags/example_bash_decorator.py
[2025-06-10T01:37:59.238+0000] {processor.py:840} INFO - DAG(s) 'example_bash_decorator' retrieved from /home/airflow/.local/lib/python3.12/site-packages/airflow/example_dags/example_bash_decorator.py
[2025-06-10T01:37:59.265+0000] {logging_mixin.py:188} INFO - [2025-06-10T01:37:59.265+0000] {dag.py:3096} INFO - Sync 1 DAGs
[2025-06-10T01:37:59.280+0000] {logging_mixin.py:188} INFO - [2025-06-10T01:37:59.280+0000] {dag.py:3954} INFO - Setting next_dagrun for example_bash_decorator to None, run_after=None
[2025-06-10T01:37:59.310+0000] {processor.py:183} INFO - Processing /home/airflow/.local/lib/python3.12/site-packages/airflow/example_dags/example_bash_decorator.py took 0.100 seconds
[2025-06-10T01:38:33.059+0000] {processor.py:161} INFO - Started process (PID=1011) to work on /home/airflow/.local/lib/python3.12/site-packages/airflow/example_dags/example_bash_decorator.py
[2025-06-10T01:38:33.068+0000] {processor.py:830} INFO - Processing file /home/airflow/.local/lib/python3.12/site-packages/airflow/example_dags/example_bash_decorator.py for tasks to queue
[2025-06-10T01:38:33.079+0000] {logging_mixin.py:188} INFO - [2025-06-10T01:38:33.075+0000] {dagbag.py:545} INFO - Filling up the DagBag from /home/airflow/.local/lib/python3.12/site-packages/airflow/example_dags/example_bash_decorator.py
[2025-06-10T01:38:33.128+0000] {processor.py:840} INFO - DAG(s) 'example_bash_decorator' retrieved from /home/airflow/.local/lib/python3.12/site-packages/airflow/example_dags/example_bash_decorator.py
[2025-06-10T01:38:33.177+0000] {logging_mixin.py:188} INFO - [2025-06-10T01:38:33.176+0000] {dag.py:3096} INFO - Sync 1 DAGs
[2025-06-10T01:38:33.201+0000] {logging_mixin.py:188} INFO - [2025-06-10T01:38:33.201+0000] {dag.py:3954} INFO - Setting next_dagrun for example_bash_decorator to None, run_after=None
[2025-06-10T01:38:33.316+0000] {processor.py:183} INFO - Processing /home/airflow/.local/lib/python3.12/site-packages/airflow/example_dags/example_bash_decorator.py took 0.290 seconds
[2025-06-10T01:39:04.113+0000] {processor.py:161} INFO - Started process (PID=1074) to work on /home/airflow/.local/lib/python3.12/site-packages/airflow/example_dags/example_bash_decorator.py
[2025-06-10T01:39:04.114+0000] {processor.py:830} INFO - Processing file /home/airflow/.local/lib/python3.12/site-packages/airflow/example_dags/example_bash_decorator.py for tasks to queue
[2025-06-10T01:39:04.118+0000] {logging_mixin.py:188} INFO - [2025-06-10T01:39:04.117+0000] {dagbag.py:545} INFO - Filling up the DagBag from /home/airflow/.local/lib/python3.12/site-packages/airflow/example_dags/example_bash_decorator.py
[2025-06-10T01:39:04.136+0000] {processor.py:840} INFO - DAG(s) 'example_bash_decorator' retrieved from /home/airflow/.local/lib/python3.12/site-packages/airflow/example_dags/example_bash_decorator.py
[2025-06-10T01:39:04.164+0000] {logging_mixin.py:188} INFO - [2025-06-10T01:39:04.164+0000] {dag.py:3096} INFO - Sync 1 DAGs
[2025-06-10T01:39:04.179+0000] {logging_mixin.py:188} INFO - [2025-06-10T01:39:04.179+0000] {dag.py:3954} INFO - Setting next_dagrun for example_bash_decorator to None, run_after=None
[2025-06-10T01:39:04.222+0000] {processor.py:183} INFO - Processing /home/airflow/.local/lib/python3.12/site-packages/airflow/example_dags/example_bash_decorator.py took 0.117 seconds
[2025-06-10T01:39:35.097+0000] {processor.py:161} INFO - Started process (PID=1137) to work on /home/airflow/.local/lib/python3.12/site-packages/airflow/example_dags/example_bash_decorator.py
[2025-06-10T01:39:35.102+0000] {processor.py:830} INFO - Processing file /home/airflow/.local/lib/python3.12/site-packages/airflow/example_dags/example_bash_decorator.py for tasks to queue
[2025-06-10T01:39:35.106+0000] {logging_mixin.py:188} INFO - [2025-06-10T01:39:35.106+0000] {dagbag.py:545} INFO - Filling up the DagBag from /home/airflow/.local/lib/python3.12/site-packages/airflow/example_dags/example_bash_decorator.py
[2025-06-10T01:39:35.130+0000] {processor.py:840} INFO - DAG(s) 'example_bash_decorator' retrieved from /home/airflow/.local/lib/python3.12/site-packages/airflow/example_dags/example_bash_decorator.py
[2025-06-10T01:39:35.196+0000] {logging_mixin.py:188} INFO - [2025-06-10T01:39:35.195+0000] {dag.py:3096} INFO - Sync 1 DAGs
[2025-06-10T01:39:35.257+0000] {logging_mixin.py:188} INFO - [2025-06-10T01:39:35.257+0000] {dag.py:3954} INFO - Setting next_dagrun for example_bash_decorator to None, run_after=None
[2025-06-10T01:39:35.358+0000] {processor.py:183} INFO - Processing /home/airflow/.local/lib/python3.12/site-packages/airflow/example_dags/example_bash_decorator.py took 0.278 seconds
[2025-06-10T01:40:05.742+0000] {processor.py:161} INFO - Started process (PID=1200) to work on /home/airflow/.local/lib/python3.12/site-packages/airflow/example_dags/example_bash_decorator.py
[2025-06-10T01:40:05.743+0000] {processor.py:830} INFO - Processing file /home/airflow/.local/lib/python3.12/site-packages/airflow/example_dags/example_bash_decorator.py for tasks to queue
[2025-06-10T01:40:05.747+0000] {logging_mixin.py:188} INFO - [2025-06-10T01:40:05.747+0000] {dagbag.py:545} INFO - Filling up the DagBag from /home/airflow/.local/lib/python3.12/site-packages/airflow/example_dags/example_bash_decorator.py
[2025-06-10T01:40:05.767+0000] {processor.py:840} INFO - DAG(s) 'example_bash_decorator' retrieved from /home/airflow/.local/lib/python3.12/site-packages/airflow/example_dags/example_bash_decorator.py
[2025-06-10T01:40:05.796+0000] {logging_mixin.py:188} INFO - [2025-06-10T01:40:05.796+0000] {dag.py:3096} INFO - Sync 1 DAGs
[2025-06-10T01:40:05.812+0000] {logging_mixin.py:188} INFO - [2025-06-10T01:40:05.811+0000] {dag.py:3954} INFO - Setting next_dagrun for example_bash_decorator to None, run_after=None
[2025-06-10T01:40:05.839+0000] {processor.py:183} INFO - Processing /home/airflow/.local/lib/python3.12/site-packages/airflow/example_dags/example_bash_decorator.py took 0.107 seconds
[2025-06-10T01:40:36.026+0000] {processor.py:161} INFO - Started process (PID=1263) to work on /home/airflow/.local/lib/python3.12/site-packages/airflow/example_dags/example_bash_decorator.py
[2025-06-10T01:40:36.028+0000] {processor.py:830} INFO - Processing file /home/airflow/.local/lib/python3.12/site-packages/airflow/example_dags/example_bash_decorator.py for tasks to queue
[2025-06-10T01:40:36.032+0000] {logging_mixin.py:188} INFO - [2025-06-10T01:40:36.032+0000] {dagbag.py:545} INFO - Filling up the DagBag from /home/airflow/.local/lib/python3.12/site-packages/airflow/example_dags/example_bash_decorator.py
[2025-06-10T01:40:36.061+0000] {processor.py:840} INFO - DAG(s) 'example_bash_decorator' retrieved from /home/airflow/.local/lib/python3.12/site-packages/airflow/example_dags/example_bash_decorator.py
[2025-06-10T01:40:36.102+0000] {logging_mixin.py:188} INFO - [2025-06-10T01:40:36.101+0000] {dag.py:3096} INFO - Sync 1 DAGs
[2025-06-10T01:40:36.122+0000] {logging_mixin.py:188} INFO - [2025-06-10T01:40:36.122+0000] {dag.py:3954} INFO - Setting next_dagrun for example_bash_decorator to None, run_after=None
[2025-06-10T01:40:36.161+0000] {processor.py:183} INFO - Processing /home/airflow/.local/lib/python3.12/site-packages/airflow/example_dags/example_bash_decorator.py took 0.150 seconds
[2025-06-10T01:41:07.247+0000] {processor.py:161} INFO - Started process (PID=1326) to work on /home/airflow/.local/lib/python3.12/site-packages/airflow/example_dags/example_bash_decorator.py
[2025-06-10T01:41:07.248+0000] {processor.py:830} INFO - Processing file /home/airflow/.local/lib/python3.12/site-packages/airflow/example_dags/example_bash_decorator.py for tasks to queue
[2025-06-10T01:41:07.251+0000] {logging_mixin.py:188} INFO - [2025-06-10T01:41:07.250+0000] {dagbag.py:545} INFO - Filling up the DagBag from /home/airflow/.local/lib/python3.12/site-packages/airflow/example_dags/example_bash_decorator.py
[2025-06-10T01:41:07.267+0000] {processor.py:840} INFO - DAG(s) 'example_bash_decorator' retrieved from /home/airflow/.local/lib/python3.12/site-packages/airflow/example_dags/example_bash_decorator.py
[2025-06-10T01:41:07.292+0000] {logging_mixin.py:188} INFO - [2025-06-10T01:41:07.292+0000] {dag.py:3096} INFO - Sync 1 DAGs
[2025-06-10T01:41:07.307+0000] {logging_mixin.py:188} INFO - [2025-06-10T01:41:07.307+0000] {dag.py:3954} INFO - Setting next_dagrun for example_bash_decorator to None, run_after=None
[2025-06-10T01:41:07.334+0000] {processor.py:183} INFO - Processing /home/airflow/.local/lib/python3.12/site-packages/airflow/example_dags/example_bash_decorator.py took 0.094 seconds
[2025-06-10T01:41:38.392+0000] {processor.py:161} INFO - Started process (PID=1389) to work on /home/airflow/.local/lib/python3.12/site-packages/airflow/example_dags/example_bash_decorator.py
[2025-06-10T01:41:38.394+0000] {processor.py:830} INFO - Processing file /home/airflow/.local/lib/python3.12/site-packages/airflow/example_dags/example_bash_decorator.py for tasks to queue
[2025-06-10T01:41:38.397+0000] {logging_mixin.py:188} INFO - [2025-06-10T01:41:38.396+0000] {dagbag.py:545} INFO - Filling up the DagBag from /home/airflow/.local/lib/python3.12/site-packages/airflow/example_dags/example_bash_decorator.py
[2025-06-10T01:41:38.428+0000] {processor.py:840} INFO - DAG(s) 'example_bash_decorator' retrieved from /home/airflow/.local/lib/python3.12/site-packages/airflow/example_dags/example_bash_decorator.py
[2025-06-10T01:41:38.489+0000] {logging_mixin.py:188} INFO - [2025-06-10T01:41:38.489+0000] {dag.py:3096} INFO - Sync 1 DAGs
[2025-06-10T01:41:38.512+0000] {logging_mixin.py:188} INFO - [2025-06-10T01:41:38.512+0000] {dag.py:3954} INFO - Setting next_dagrun for example_bash_decorator to None, run_after=None
[2025-06-10T01:41:38.547+0000] {processor.py:183} INFO - Processing /home/airflow/.local/lib/python3.12/site-packages/airflow/example_dags/example_bash_decorator.py took 0.172 seconds
[2025-06-10T01:42:09.922+0000] {processor.py:161} INFO - Started process (PID=1458) to work on /home/airflow/.local/lib/python3.12/site-packages/airflow/example_dags/example_bash_decorator.py
[2025-06-10T01:42:09.926+0000] {processor.py:830} INFO - Processing file /home/airflow/.local/lib/python3.12/site-packages/airflow/example_dags/example_bash_decorator.py for tasks to queue
[2025-06-10T01:42:09.929+0000] {logging_mixin.py:188} INFO - [2025-06-10T01:42:09.928+0000] {dagbag.py:545} INFO - Filling up the DagBag from /home/airflow/.local/lib/python3.12/site-packages/airflow/example_dags/example_bash_decorator.py
[2025-06-10T01:42:09.943+0000] {processor.py:840} INFO - DAG(s) 'example_bash_decorator' retrieved from /home/airflow/.local/lib/python3.12/site-packages/airflow/example_dags/example_bash_decorator.py
[2025-06-10T01:42:09.972+0000] {logging_mixin.py:188} INFO - [2025-06-10T01:42:09.971+0000] {dag.py:3096} INFO - Sync 1 DAGs
[2025-06-10T01:42:10.006+0000] {logging_mixin.py:188} INFO - [2025-06-10T01:42:10.005+0000] {dag.py:3954} INFO - Setting next_dagrun for example_bash_decorator to None, run_after=None
[2025-06-10T01:42:10.060+0000] {processor.py:183} INFO - Processing /home/airflow/.local/lib/python3.12/site-packages/airflow/example_dags/example_bash_decorator.py took 0.147 seconds
[2025-06-10T01:42:41.140+0000] {processor.py:161} INFO - Started process (PID=1521) to work on /home/airflow/.local/lib/python3.12/site-packages/airflow/example_dags/example_bash_decorator.py
[2025-06-10T01:42:41.144+0000] {processor.py:830} INFO - Processing file /home/airflow/.local/lib/python3.12/site-packages/airflow/example_dags/example_bash_decorator.py for tasks to queue
[2025-06-10T01:42:41.150+0000] {logging_mixin.py:188} INFO - [2025-06-10T01:42:41.147+0000] {dagbag.py:545} INFO - Filling up the DagBag from /home/airflow/.local/lib/python3.12/site-packages/airflow/example_dags/example_bash_decorator.py
[2025-06-10T01:42:41.181+0000] {processor.py:840} INFO - DAG(s) 'example_bash_decorator' retrieved from /home/airflow/.local/lib/python3.12/site-packages/airflow/example_dags/example_bash_decorator.py
[2025-06-10T01:42:41.238+0000] {logging_mixin.py:188} INFO - [2025-06-10T01:42:41.238+0000] {dag.py:3096} INFO - Sync 1 DAGs
[2025-06-10T01:42:41.278+0000] {logging_mixin.py:188} INFO - [2025-06-10T01:42:41.278+0000] {dag.py:3954} INFO - Setting next_dagrun for example_bash_decorator to None, run_after=None
[2025-06-10T01:42:41.312+0000] {processor.py:183} INFO - Processing /home/airflow/.local/lib/python3.12/site-packages/airflow/example_dags/example_bash_decorator.py took 0.185 seconds
[2025-06-10T01:43:12.475+0000] {processor.py:161} INFO - Started process (PID=1583) to work on /home/airflow/.local/lib/python3.12/site-packages/airflow/example_dags/example_bash_decorator.py
[2025-06-10T01:43:12.477+0000] {processor.py:830} INFO - Processing file /home/airflow/.local/lib/python3.12/site-packages/airflow/example_dags/example_bash_decorator.py for tasks to queue
[2025-06-10T01:43:12.479+0000] {logging_mixin.py:188} INFO - [2025-06-10T01:43:12.478+0000] {dagbag.py:545} INFO - Filling up the DagBag from /home/airflow/.local/lib/python3.12/site-packages/airflow/example_dags/example_bash_decorator.py
[2025-06-10T01:43:12.497+0000] {processor.py:840} INFO - DAG(s) 'example_bash_decorator' retrieved from /home/airflow/.local/lib/python3.12/site-packages/airflow/example_dags/example_bash_decorator.py
[2025-06-10T01:43:12.525+0000] {logging_mixin.py:188} INFO - [2025-06-10T01:43:12.525+0000] {dag.py:3096} INFO - Sync 1 DAGs
[2025-06-10T01:43:12.540+0000] {logging_mixin.py:188} INFO - [2025-06-10T01:43:12.540+0000] {dag.py:3954} INFO - Setting next_dagrun for example_bash_decorator to None, run_after=None
[2025-06-10T01:43:12.570+0000] {processor.py:183} INFO - Processing /home/airflow/.local/lib/python3.12/site-packages/airflow/example_dags/example_bash_decorator.py took 0.103 seconds
[2025-06-10T01:43:44.033+0000] {processor.py:161} INFO - Started process (PID=1647) to work on /home/airflow/.local/lib/python3.12/site-packages/airflow/example_dags/example_bash_decorator.py
[2025-06-10T01:43:44.034+0000] {processor.py:830} INFO - Processing file /home/airflow/.local/lib/python3.12/site-packages/airflow/example_dags/example_bash_decorator.py for tasks to queue
[2025-06-10T01:43:44.036+0000] {logging_mixin.py:188} INFO - [2025-06-10T01:43:44.036+0000] {dagbag.py:545} INFO - Filling up the DagBag from /home/airflow/.local/lib/python3.12/site-packages/airflow/example_dags/example_bash_decorator.py
[2025-06-10T01:43:44.052+0000] {processor.py:840} INFO - DAG(s) 'example_bash_decorator' retrieved from /home/airflow/.local/lib/python3.12/site-packages/airflow/example_dags/example_bash_decorator.py
[2025-06-10T01:43:44.077+0000] {logging_mixin.py:188} INFO - [2025-06-10T01:43:44.077+0000] {dag.py:3096} INFO - Sync 1 DAGs
[2025-06-10T01:43:44.093+0000] {logging_mixin.py:188} INFO - [2025-06-10T01:43:44.093+0000] {dag.py:3954} INFO - Setting next_dagrun for example_bash_decorator to None, run_after=None
[2025-06-10T01:43:44.125+0000] {processor.py:183} INFO - Processing /home/airflow/.local/lib/python3.12/site-packages/airflow/example_dags/example_bash_decorator.py took 0.100 seconds
[2025-06-10T01:44:15.942+0000] {processor.py:161} INFO - Started process (PID=1711) to work on /home/airflow/.local/lib/python3.12/site-packages/airflow/example_dags/example_bash_decorator.py
[2025-06-10T01:44:15.944+0000] {processor.py:830} INFO - Processing file /home/airflow/.local/lib/python3.12/site-packages/airflow/example_dags/example_bash_decorator.py for tasks to queue
[2025-06-10T01:44:15.947+0000] {logging_mixin.py:188} INFO - [2025-06-10T01:44:15.947+0000] {dagbag.py:545} INFO - Filling up the DagBag from /home/airflow/.local/lib/python3.12/site-packages/airflow/example_dags/example_bash_decorator.py
[2025-06-10T01:44:15.966+0000] {processor.py:840} INFO - DAG(s) 'example_bash_decorator' retrieved from /home/airflow/.local/lib/python3.12/site-packages/airflow/example_dags/example_bash_decorator.py
[2025-06-10T01:44:15.998+0000] {logging_mixin.py:188} INFO - [2025-06-10T01:44:15.997+0000] {dag.py:3096} INFO - Sync 1 DAGs
[2025-06-10T01:44:16.194+0000] {logging_mixin.py:188} INFO - [2025-06-10T01:44:16.194+0000] {dag.py:3954} INFO - Setting next_dagrun for example_bash_decorator to None, run_after=None
[2025-06-10T01:44:16.231+0000] {processor.py:183} INFO - Processing /home/airflow/.local/lib/python3.12/site-packages/airflow/example_dags/example_bash_decorator.py took 0.298 seconds
[2025-06-10T01:44:47.011+0000] {processor.py:161} INFO - Started process (PID=1773) to work on /home/airflow/.local/lib/python3.12/site-packages/airflow/example_dags/example_bash_decorator.py
[2025-06-10T01:44:47.011+0000] {processor.py:830} INFO - Processing file /home/airflow/.local/lib/python3.12/site-packages/airflow/example_dags/example_bash_decorator.py for tasks to queue
[2025-06-10T01:44:47.014+0000] {logging_mixin.py:188} INFO - [2025-06-10T01:44:47.013+0000] {dagbag.py:545} INFO - Filling up the DagBag from /home/airflow/.local/lib/python3.12/site-packages/airflow/example_dags/example_bash_decorator.py
[2025-06-10T01:44:47.030+0000] {processor.py:840} INFO - DAG(s) 'example_bash_decorator' retrieved from /home/airflow/.local/lib/python3.12/site-packages/airflow/example_dags/example_bash_decorator.py
[2025-06-10T01:44:47.056+0000] {logging_mixin.py:188} INFO - [2025-06-10T01:44:47.056+0000] {dag.py:3096} INFO - Sync 1 DAGs
[2025-06-10T01:44:47.071+0000] {logging_mixin.py:188} INFO - [2025-06-10T01:44:47.071+0000] {dag.py:3954} INFO - Setting next_dagrun for example_bash_decorator to None, run_after=None
[2025-06-10T01:44:47.101+0000] {processor.py:183} INFO - Processing /home/airflow/.local/lib/python3.12/site-packages/airflow/example_dags/example_bash_decorator.py took 0.098 seconds
[2025-06-10T01:45:17.879+0000] {processor.py:161} INFO - Started process (PID=1835) to work on /home/airflow/.local/lib/python3.12/site-packages/airflow/example_dags/example_bash_decorator.py
[2025-06-10T01:45:17.889+0000] {processor.py:830} INFO - Processing file /home/airflow/.local/lib/python3.12/site-packages/airflow/example_dags/example_bash_decorator.py for tasks to queue
[2025-06-10T01:45:17.892+0000] {logging_mixin.py:188} INFO - [2025-06-10T01:45:17.891+0000] {dagbag.py:545} INFO - Filling up the DagBag from /home/airflow/.local/lib/python3.12/site-packages/airflow/example_dags/example_bash_decorator.py
[2025-06-10T01:45:17.923+0000] {processor.py:840} INFO - DAG(s) 'example_bash_decorator' retrieved from /home/airflow/.local/lib/python3.12/site-packages/airflow/example_dags/example_bash_decorator.py
[2025-06-10T01:45:17.975+0000] {logging_mixin.py:188} INFO - [2025-06-10T01:45:17.974+0000] {dag.py:3096} INFO - Sync 1 DAGs
[2025-06-10T01:45:17.990+0000] {logging_mixin.py:188} INFO - [2025-06-10T01:45:17.989+0000] {dag.py:3954} INFO - Setting next_dagrun for example_bash_decorator to None, run_after=None
[2025-06-10T01:45:18.018+0000] {processor.py:183} INFO - Processing /home/airflow/.local/lib/python3.12/site-packages/airflow/example_dags/example_bash_decorator.py took 0.146 seconds
[2025-06-10T01:45:49.726+0000] {processor.py:161} INFO - Started process (PID=1898) to work on /home/airflow/.local/lib/python3.12/site-packages/airflow/example_dags/example_bash_decorator.py
[2025-06-10T01:45:49.728+0000] {processor.py:830} INFO - Processing file /home/airflow/.local/lib/python3.12/site-packages/airflow/example_dags/example_bash_decorator.py for tasks to queue
[2025-06-10T01:45:49.735+0000] {logging_mixin.py:188} INFO - [2025-06-10T01:45:49.735+0000] {dagbag.py:545} INFO - Filling up the DagBag from /home/airflow/.local/lib/python3.12/site-packages/airflow/example_dags/example_bash_decorator.py
[2025-06-10T01:45:49.794+0000] {processor.py:840} INFO - DAG(s) 'example_bash_decorator' retrieved from /home/airflow/.local/lib/python3.12/site-packages/airflow/example_dags/example_bash_decorator.py
[2025-06-10T01:45:49.864+0000] {logging_mixin.py:188} INFO - [2025-06-10T01:45:49.864+0000] {dag.py:3096} INFO - Sync 1 DAGs
[2025-06-10T01:45:49.899+0000] {logging_mixin.py:188} INFO - [2025-06-10T01:45:49.897+0000] {dag.py:3954} INFO - Setting next_dagrun for example_bash_decorator to None, run_after=None
[2025-06-10T01:45:49.964+0000] {processor.py:183} INFO - Processing /home/airflow/.local/lib/python3.12/site-packages/airflow/example_dags/example_bash_decorator.py took 0.262 seconds
[2025-06-10T01:46:20.584+0000] {processor.py:161} INFO - Started process (PID=1960) to work on /home/airflow/.local/lib/python3.12/site-packages/airflow/example_dags/example_bash_decorator.py
[2025-06-10T01:46:20.585+0000] {processor.py:830} INFO - Processing file /home/airflow/.local/lib/python3.12/site-packages/airflow/example_dags/example_bash_decorator.py for tasks to queue
[2025-06-10T01:46:20.587+0000] {logging_mixin.py:188} INFO - [2025-06-10T01:46:20.587+0000] {dagbag.py:545} INFO - Filling up the DagBag from /home/airflow/.local/lib/python3.12/site-packages/airflow/example_dags/example_bash_decorator.py
[2025-06-10T01:46:20.603+0000] {processor.py:840} INFO - DAG(s) 'example_bash_decorator' retrieved from /home/airflow/.local/lib/python3.12/site-packages/airflow/example_dags/example_bash_decorator.py
[2025-06-10T01:46:20.634+0000] {logging_mixin.py:188} INFO - [2025-06-10T01:46:20.634+0000] {dag.py:3096} INFO - Sync 1 DAGs
[2025-06-10T01:46:20.653+0000] {logging_mixin.py:188} INFO - [2025-06-10T01:46:20.653+0000] {dag.py:3954} INFO - Setting next_dagrun for example_bash_decorator to None, run_after=None
[2025-06-10T01:46:20.706+0000] {processor.py:183} INFO - Processing /home/airflow/.local/lib/python3.12/site-packages/airflow/example_dags/example_bash_decorator.py took 0.130 seconds
[2025-06-10T01:46:52.225+0000] {processor.py:161} INFO - Started process (PID=2023) to work on /home/airflow/.local/lib/python3.12/site-packages/airflow/example_dags/example_bash_decorator.py
[2025-06-10T01:46:52.227+0000] {processor.py:830} INFO - Processing file /home/airflow/.local/lib/python3.12/site-packages/airflow/example_dags/example_bash_decorator.py for tasks to queue
[2025-06-10T01:46:52.230+0000] {logging_mixin.py:188} INFO - [2025-06-10T01:46:52.229+0000] {dagbag.py:545} INFO - Filling up the DagBag from /home/airflow/.local/lib/python3.12/site-packages/airflow/example_dags/example_bash_decorator.py
[2025-06-10T01:46:52.247+0000] {processor.py:840} INFO - DAG(s) 'example_bash_decorator' retrieved from /home/airflow/.local/lib/python3.12/site-packages/airflow/example_dags/example_bash_decorator.py
[2025-06-10T01:46:52.276+0000] {logging_mixin.py:188} INFO - [2025-06-10T01:46:52.275+0000] {dag.py:3096} INFO - Sync 1 DAGs
[2025-06-10T01:46:52.292+0000] {logging_mixin.py:188} INFO - [2025-06-10T01:46:52.292+0000] {dag.py:3954} INFO - Setting next_dagrun for example_bash_decorator to None, run_after=None
[2025-06-10T01:46:52.322+0000] {processor.py:183} INFO - Processing /home/airflow/.local/lib/python3.12/site-packages/airflow/example_dags/example_bash_decorator.py took 0.105 seconds
[2025-06-10T01:47:23.890+0000] {processor.py:161} INFO - Started process (PID=2086) to work on /home/airflow/.local/lib/python3.12/site-packages/airflow/example_dags/example_bash_decorator.py
[2025-06-10T01:47:23.892+0000] {processor.py:830} INFO - Processing file /home/airflow/.local/lib/python3.12/site-packages/airflow/example_dags/example_bash_decorator.py for tasks to queue
[2025-06-10T01:47:23.894+0000] {logging_mixin.py:188} INFO - [2025-06-10T01:47:23.894+0000] {dagbag.py:545} INFO - Filling up the DagBag from /home/airflow/.local/lib/python3.12/site-packages/airflow/example_dags/example_bash_decorator.py
[2025-06-10T01:47:23.911+0000] {processor.py:840} INFO - DAG(s) 'example_bash_decorator' retrieved from /home/airflow/.local/lib/python3.12/site-packages/airflow/example_dags/example_bash_decorator.py
[2025-06-10T01:47:23.945+0000] {logging_mixin.py:188} INFO - [2025-06-10T01:47:23.945+0000] {dag.py:3096} INFO - Sync 1 DAGs
[2025-06-10T01:47:23.961+0000] {logging_mixin.py:188} INFO - [2025-06-10T01:47:23.961+0000] {dag.py:3954} INFO - Setting next_dagrun for example_bash_decorator to None, run_after=None
[2025-06-10T01:47:23.987+0000] {processor.py:183} INFO - Processing /home/airflow/.local/lib/python3.12/site-packages/airflow/example_dags/example_bash_decorator.py took 0.104 seconds
[2025-06-10T01:47:56.182+0000] {processor.py:161} INFO - Started process (PID=2150) to work on /home/airflow/.local/lib/python3.12/site-packages/airflow/example_dags/example_bash_decorator.py
[2025-06-10T01:47:56.190+0000] {processor.py:830} INFO - Processing file /home/airflow/.local/lib/python3.12/site-packages/airflow/example_dags/example_bash_decorator.py for tasks to queue
[2025-06-10T01:47:56.195+0000] {logging_mixin.py:188} INFO - [2025-06-10T01:47:56.194+0000] {dagbag.py:545} INFO - Filling up the DagBag from /home/airflow/.local/lib/python3.12/site-packages/airflow/example_dags/example_bash_decorator.py
[2025-06-10T01:47:56.217+0000] {processor.py:840} INFO - DAG(s) 'example_bash_decorator' retrieved from /home/airflow/.local/lib/python3.12/site-packages/airflow/example_dags/example_bash_decorator.py
[2025-06-10T01:47:56.248+0000] {logging_mixin.py:188} INFO - [2025-06-10T01:47:56.248+0000] {dag.py:3096} INFO - Sync 1 DAGs
[2025-06-10T01:47:56.268+0000] {logging_mixin.py:188} INFO - [2025-06-10T01:47:56.268+0000] {dag.py:3954} INFO - Setting next_dagrun for example_bash_decorator to None, run_after=None
[2025-06-10T01:47:56.302+0000] {processor.py:183} INFO - Processing /home/airflow/.local/lib/python3.12/site-packages/airflow/example_dags/example_bash_decorator.py took 0.138 seconds
[2025-06-10T01:49:16.761+0000] {processor.py:161} INFO - Started process (PID=2225) to work on /home/airflow/.local/lib/python3.12/site-packages/airflow/example_dags/example_bash_decorator.py
[2025-06-10T01:49:16.763+0000] {processor.py:830} INFO - Processing file /home/airflow/.local/lib/python3.12/site-packages/airflow/example_dags/example_bash_decorator.py for tasks to queue
[2025-06-10T01:49:16.767+0000] {logging_mixin.py:188} INFO - [2025-06-10T01:49:16.766+0000] {dagbag.py:545} INFO - Filling up the DagBag from /home/airflow/.local/lib/python3.12/site-packages/airflow/example_dags/example_bash_decorator.py
[2025-06-10T01:49:16.793+0000] {processor.py:840} INFO - DAG(s) 'example_bash_decorator' retrieved from /home/airflow/.local/lib/python3.12/site-packages/airflow/example_dags/example_bash_decorator.py
[2025-06-10T01:49:16.831+0000] {logging_mixin.py:188} INFO - [2025-06-10T01:49:16.830+0000] {dag.py:3096} INFO - Sync 1 DAGs
[2025-06-10T01:49:16.852+0000] {logging_mixin.py:188} INFO - [2025-06-10T01:49:16.852+0000] {dag.py:3954} INFO - Setting next_dagrun for example_bash_decorator to None, run_after=None
[2025-06-10T01:49:16.901+0000] {processor.py:183} INFO - Processing /home/airflow/.local/lib/python3.12/site-packages/airflow/example_dags/example_bash_decorator.py took 0.154 seconds
[2025-06-10T04:55:37.611+0000] {processor.py:161} INFO - Started process (PID=66) to work on /home/airflow/.local/lib/python3.12/site-packages/airflow/example_dags/example_bash_decorator.py
[2025-06-10T04:55:37.614+0000] {processor.py:830} INFO - Processing file /home/airflow/.local/lib/python3.12/site-packages/airflow/example_dags/example_bash_decorator.py for tasks to queue
[2025-06-10T04:55:37.618+0000] {logging_mixin.py:188} INFO - [2025-06-10T04:55:37.617+0000] {dagbag.py:545} INFO - Filling up the DagBag from /home/airflow/.local/lib/python3.12/site-packages/airflow/example_dags/example_bash_decorator.py
[2025-06-10T04:55:37.654+0000] {processor.py:840} INFO - DAG(s) 'example_bash_decorator' retrieved from /home/airflow/.local/lib/python3.12/site-packages/airflow/example_dags/example_bash_decorator.py
[2025-06-10T04:55:37.935+0000] {logging_mixin.py:188} INFO - [2025-06-10T04:55:37.934+0000] {dag.py:3096} INFO - Sync 1 DAGs
[2025-06-10T04:55:37.960+0000] {logging_mixin.py:188} INFO - [2025-06-10T04:55:37.960+0000] {dag.py:3954} INFO - Setting next_dagrun for example_bash_decorator to None, run_after=None
[2025-06-10T04:55:38.022+0000] {processor.py:183} INFO - Processing /home/airflow/.local/lib/python3.12/site-packages/airflow/example_dags/example_bash_decorator.py took 0.424 seconds
[2025-06-10T04:56:11.947+0000] {processor.py:161} INFO - Started process (PID=129) to work on /home/airflow/.local/lib/python3.12/site-packages/airflow/example_dags/example_bash_decorator.py
[2025-06-10T04:56:11.950+0000] {processor.py:830} INFO - Processing file /home/airflow/.local/lib/python3.12/site-packages/airflow/example_dags/example_bash_decorator.py for tasks to queue
[2025-06-10T04:56:11.953+0000] {logging_mixin.py:188} INFO - [2025-06-10T04:56:11.953+0000] {dagbag.py:545} INFO - Filling up the DagBag from /home/airflow/.local/lib/python3.12/site-packages/airflow/example_dags/example_bash_decorator.py
[2025-06-10T04:56:11.970+0000] {processor.py:840} INFO - DAG(s) 'example_bash_decorator' retrieved from /home/airflow/.local/lib/python3.12/site-packages/airflow/example_dags/example_bash_decorator.py
[2025-06-10T04:56:12.000+0000] {logging_mixin.py:188} INFO - [2025-06-10T04:56:12.000+0000] {dag.py:3096} INFO - Sync 1 DAGs
[2025-06-10T04:56:12.014+0000] {logging_mixin.py:188} INFO - [2025-06-10T04:56:12.014+0000] {dag.py:3954} INFO - Setting next_dagrun for example_bash_decorator to None, run_after=None
[2025-06-10T04:56:12.042+0000] {processor.py:183} INFO - Processing /home/airflow/.local/lib/python3.12/site-packages/airflow/example_dags/example_bash_decorator.py took 0.103 seconds
[2025-06-10T04:56:44.180+0000] {processor.py:161} INFO - Started process (PID=191) to work on /home/airflow/.local/lib/python3.12/site-packages/airflow/example_dags/example_bash_decorator.py
[2025-06-10T04:56:44.182+0000] {processor.py:830} INFO - Processing file /home/airflow/.local/lib/python3.12/site-packages/airflow/example_dags/example_bash_decorator.py for tasks to queue
[2025-06-10T04:56:44.192+0000] {logging_mixin.py:188} INFO - [2025-06-10T04:56:44.190+0000] {dagbag.py:545} INFO - Filling up the DagBag from /home/airflow/.local/lib/python3.12/site-packages/airflow/example_dags/example_bash_decorator.py
[2025-06-10T04:56:44.244+0000] {processor.py:840} INFO - DAG(s) 'example_bash_decorator' retrieved from /home/airflow/.local/lib/python3.12/site-packages/airflow/example_dags/example_bash_decorator.py
[2025-06-10T04:56:44.349+0000] {logging_mixin.py:188} INFO - [2025-06-10T04:56:44.348+0000] {dag.py:3096} INFO - Sync 1 DAGs
[2025-06-10T04:56:44.405+0000] {logging_mixin.py:188} INFO - [2025-06-10T04:56:44.404+0000] {dag.py:3954} INFO - Setting next_dagrun for example_bash_decorator to None, run_after=None
[2025-06-10T04:56:44.496+0000] {processor.py:183} INFO - Processing /home/airflow/.local/lib/python3.12/site-packages/airflow/example_dags/example_bash_decorator.py took 0.340 seconds
[2025-06-10T04:57:14.716+0000] {processor.py:161} INFO - Started process (PID=254) to work on /home/airflow/.local/lib/python3.12/site-packages/airflow/example_dags/example_bash_decorator.py
[2025-06-10T04:57:14.718+0000] {processor.py:830} INFO - Processing file /home/airflow/.local/lib/python3.12/site-packages/airflow/example_dags/example_bash_decorator.py for tasks to queue
[2025-06-10T04:57:14.720+0000] {logging_mixin.py:188} INFO - [2025-06-10T04:57:14.719+0000] {dagbag.py:545} INFO - Filling up the DagBag from /home/airflow/.local/lib/python3.12/site-packages/airflow/example_dags/example_bash_decorator.py
[2025-06-10T04:57:14.736+0000] {processor.py:840} INFO - DAG(s) 'example_bash_decorator' retrieved from /home/airflow/.local/lib/python3.12/site-packages/airflow/example_dags/example_bash_decorator.py
[2025-06-10T04:57:14.772+0000] {logging_mixin.py:188} INFO - [2025-06-10T04:57:14.772+0000] {dag.py:3096} INFO - Sync 1 DAGs
[2025-06-10T04:57:14.793+0000] {logging_mixin.py:188} INFO - [2025-06-10T04:57:14.792+0000] {dag.py:3954} INFO - Setting next_dagrun for example_bash_decorator to None, run_after=None
[2025-06-10T04:57:14.834+0000] {processor.py:183} INFO - Processing /home/airflow/.local/lib/python3.12/site-packages/airflow/example_dags/example_bash_decorator.py took 0.126 seconds
[2025-06-10T04:57:45.353+0000] {processor.py:161} INFO - Started process (PID=317) to work on /home/airflow/.local/lib/python3.12/site-packages/airflow/example_dags/example_bash_decorator.py
[2025-06-10T04:57:45.354+0000] {processor.py:830} INFO - Processing file /home/airflow/.local/lib/python3.12/site-packages/airflow/example_dags/example_bash_decorator.py for tasks to queue
[2025-06-10T04:57:45.358+0000] {logging_mixin.py:188} INFO - [2025-06-10T04:57:45.358+0000] {dagbag.py:545} INFO - Filling up the DagBag from /home/airflow/.local/lib/python3.12/site-packages/airflow/example_dags/example_bash_decorator.py
[2025-06-10T04:57:45.388+0000] {processor.py:840} INFO - DAG(s) 'example_bash_decorator' retrieved from /home/airflow/.local/lib/python3.12/site-packages/airflow/example_dags/example_bash_decorator.py
[2025-06-10T04:57:45.421+0000] {logging_mixin.py:188} INFO - [2025-06-10T04:57:45.420+0000] {dag.py:3096} INFO - Sync 1 DAGs
[2025-06-10T04:57:45.437+0000] {logging_mixin.py:188} INFO - [2025-06-10T04:57:45.437+0000] {dag.py:3954} INFO - Setting next_dagrun for example_bash_decorator to None, run_after=None
[2025-06-10T04:57:45.473+0000] {processor.py:183} INFO - Processing /home/airflow/.local/lib/python3.12/site-packages/airflow/example_dags/example_bash_decorator.py took 0.132 seconds
[2025-06-10T04:58:16.249+0000] {processor.py:161} INFO - Started process (PID=380) to work on /home/airflow/.local/lib/python3.12/site-packages/airflow/example_dags/example_bash_decorator.py
[2025-06-10T04:58:16.252+0000] {processor.py:830} INFO - Processing file /home/airflow/.local/lib/python3.12/site-packages/airflow/example_dags/example_bash_decorator.py for tasks to queue
[2025-06-10T04:58:16.255+0000] {logging_mixin.py:188} INFO - [2025-06-10T04:58:16.255+0000] {dagbag.py:545} INFO - Filling up the DagBag from /home/airflow/.local/lib/python3.12/site-packages/airflow/example_dags/example_bash_decorator.py
[2025-06-10T04:58:16.283+0000] {processor.py:840} INFO - DAG(s) 'example_bash_decorator' retrieved from /home/airflow/.local/lib/python3.12/site-packages/airflow/example_dags/example_bash_decorator.py
[2025-06-10T04:58:16.320+0000] {logging_mixin.py:188} INFO - [2025-06-10T04:58:16.320+0000] {dag.py:3096} INFO - Sync 1 DAGs
[2025-06-10T04:58:16.336+0000] {logging_mixin.py:188} INFO - [2025-06-10T04:58:16.336+0000] {dag.py:3954} INFO - Setting next_dagrun for example_bash_decorator to None, run_after=None
[2025-06-10T04:58:16.371+0000] {processor.py:183} INFO - Processing /home/airflow/.local/lib/python3.12/site-packages/airflow/example_dags/example_bash_decorator.py took 0.135 seconds
[2025-06-10T04:58:47.227+0000] {processor.py:161} INFO - Started process (PID=443) to work on /home/airflow/.local/lib/python3.12/site-packages/airflow/example_dags/example_bash_decorator.py
[2025-06-10T04:58:47.228+0000] {processor.py:830} INFO - Processing file /home/airflow/.local/lib/python3.12/site-packages/airflow/example_dags/example_bash_decorator.py for tasks to queue
[2025-06-10T04:58:47.230+0000] {logging_mixin.py:188} INFO - [2025-06-10T04:58:47.230+0000] {dagbag.py:545} INFO - Filling up the DagBag from /home/airflow/.local/lib/python3.12/site-packages/airflow/example_dags/example_bash_decorator.py
[2025-06-10T04:58:47.247+0000] {processor.py:840} INFO - DAG(s) 'example_bash_decorator' retrieved from /home/airflow/.local/lib/python3.12/site-packages/airflow/example_dags/example_bash_decorator.py
[2025-06-10T04:58:47.281+0000] {logging_mixin.py:188} INFO - [2025-06-10T04:58:47.281+0000] {dag.py:3096} INFO - Sync 1 DAGs
[2025-06-10T04:58:47.297+0000] {logging_mixin.py:188} INFO - [2025-06-10T04:58:47.297+0000] {dag.py:3954} INFO - Setting next_dagrun for example_bash_decorator to None, run_after=None
[2025-06-10T04:58:47.326+0000] {processor.py:183} INFO - Processing /home/airflow/.local/lib/python3.12/site-packages/airflow/example_dags/example_bash_decorator.py took 0.107 seconds
[2025-06-10T04:59:18.195+0000] {processor.py:161} INFO - Started process (PID=506) to work on /home/airflow/.local/lib/python3.12/site-packages/airflow/example_dags/example_bash_decorator.py
[2025-06-10T04:59:18.197+0000] {processor.py:830} INFO - Processing file /home/airflow/.local/lib/python3.12/site-packages/airflow/example_dags/example_bash_decorator.py for tasks to queue
[2025-06-10T04:59:18.201+0000] {logging_mixin.py:188} INFO - [2025-06-10T04:59:18.200+0000] {dagbag.py:545} INFO - Filling up the DagBag from /home/airflow/.local/lib/python3.12/site-packages/airflow/example_dags/example_bash_decorator.py
[2025-06-10T04:59:18.219+0000] {processor.py:840} INFO - DAG(s) 'example_bash_decorator' retrieved from /home/airflow/.local/lib/python3.12/site-packages/airflow/example_dags/example_bash_decorator.py
[2025-06-10T04:59:18.260+0000] {logging_mixin.py:188} INFO - [2025-06-10T04:59:18.260+0000] {dag.py:3096} INFO - Sync 1 DAGs
[2025-06-10T04:59:18.285+0000] {logging_mixin.py:188} INFO - [2025-06-10T04:59:18.285+0000] {dag.py:3954} INFO - Setting next_dagrun for example_bash_decorator to None, run_after=None
[2025-06-10T04:59:18.316+0000] {processor.py:183} INFO - Processing /home/airflow/.local/lib/python3.12/site-packages/airflow/example_dags/example_bash_decorator.py took 0.131 seconds
[2025-06-10T04:59:48.378+0000] {processor.py:161} INFO - Started process (PID=568) to work on /home/airflow/.local/lib/python3.12/site-packages/airflow/example_dags/example_bash_decorator.py
[2025-06-10T04:59:48.380+0000] {processor.py:830} INFO - Processing file /home/airflow/.local/lib/python3.12/site-packages/airflow/example_dags/example_bash_decorator.py for tasks to queue
[2025-06-10T04:59:48.384+0000] {logging_mixin.py:188} INFO - [2025-06-10T04:59:48.383+0000] {dagbag.py:545} INFO - Filling up the DagBag from /home/airflow/.local/lib/python3.12/site-packages/airflow/example_dags/example_bash_decorator.py
[2025-06-10T04:59:48.413+0000] {processor.py:840} INFO - DAG(s) 'example_bash_decorator' retrieved from /home/airflow/.local/lib/python3.12/site-packages/airflow/example_dags/example_bash_decorator.py
[2025-06-10T04:59:48.457+0000] {logging_mixin.py:188} INFO - [2025-06-10T04:59:48.457+0000] {dag.py:3096} INFO - Sync 1 DAGs
[2025-06-10T04:59:48.485+0000] {logging_mixin.py:188} INFO - [2025-06-10T04:59:48.485+0000] {dag.py:3954} INFO - Setting next_dagrun for example_bash_decorator to None, run_after=None
[2025-06-10T04:59:48.530+0000] {processor.py:183} INFO - Processing /home/airflow/.local/lib/python3.12/site-packages/airflow/example_dags/example_bash_decorator.py took 0.164 seconds
[2025-06-10T05:00:20.772+0000] {processor.py:161} INFO - Started process (PID=632) to work on /home/airflow/.local/lib/python3.12/site-packages/airflow/example_dags/example_bash_decorator.py
[2025-06-10T05:00:20.774+0000] {processor.py:830} INFO - Processing file /home/airflow/.local/lib/python3.12/site-packages/airflow/example_dags/example_bash_decorator.py for tasks to queue
[2025-06-10T05:00:20.778+0000] {logging_mixin.py:188} INFO - [2025-06-10T05:00:20.777+0000] {dagbag.py:545} INFO - Filling up the DagBag from /home/airflow/.local/lib/python3.12/site-packages/airflow/example_dags/example_bash_decorator.py
[2025-06-10T05:00:20.807+0000] {processor.py:840} INFO - DAG(s) 'example_bash_decorator' retrieved from /home/airflow/.local/lib/python3.12/site-packages/airflow/example_dags/example_bash_decorator.py
[2025-06-10T05:00:20.861+0000] {logging_mixin.py:188} INFO - [2025-06-10T05:00:20.860+0000] {dag.py:3096} INFO - Sync 1 DAGs
[2025-06-10T05:00:20.894+0000] {logging_mixin.py:188} INFO - [2025-06-10T05:00:20.893+0000] {dag.py:3954} INFO - Setting next_dagrun for example_bash_decorator to None, run_after=None
[2025-06-10T05:00:20.935+0000] {processor.py:183} INFO - Processing /home/airflow/.local/lib/python3.12/site-packages/airflow/example_dags/example_bash_decorator.py took 0.173 seconds
[2025-06-10T05:00:51.440+0000] {processor.py:161} INFO - Started process (PID=695) to work on /home/airflow/.local/lib/python3.12/site-packages/airflow/example_dags/example_bash_decorator.py
[2025-06-10T05:00:51.443+0000] {processor.py:830} INFO - Processing file /home/airflow/.local/lib/python3.12/site-packages/airflow/example_dags/example_bash_decorator.py for tasks to queue
[2025-06-10T05:00:51.445+0000] {logging_mixin.py:188} INFO - [2025-06-10T05:00:51.445+0000] {dagbag.py:545} INFO - Filling up the DagBag from /home/airflow/.local/lib/python3.12/site-packages/airflow/example_dags/example_bash_decorator.py
[2025-06-10T05:00:51.467+0000] {processor.py:840} INFO - DAG(s) 'example_bash_decorator' retrieved from /home/airflow/.local/lib/python3.12/site-packages/airflow/example_dags/example_bash_decorator.py
[2025-06-10T05:00:51.493+0000] {logging_mixin.py:188} INFO - [2025-06-10T05:00:51.492+0000] {dag.py:3096} INFO - Sync 1 DAGs
[2025-06-10T05:00:51.509+0000] {logging_mixin.py:188} INFO - [2025-06-10T05:00:51.508+0000] {dag.py:3954} INFO - Setting next_dagrun for example_bash_decorator to None, run_after=None
[2025-06-10T05:00:51.540+0000] {processor.py:183} INFO - Processing /home/airflow/.local/lib/python3.12/site-packages/airflow/example_dags/example_bash_decorator.py took 0.110 seconds
[2025-06-10T05:01:22.519+0000] {processor.py:161} INFO - Started process (PID=758) to work on /home/airflow/.local/lib/python3.12/site-packages/airflow/example_dags/example_bash_decorator.py
[2025-06-10T05:01:22.521+0000] {processor.py:830} INFO - Processing file /home/airflow/.local/lib/python3.12/site-packages/airflow/example_dags/example_bash_decorator.py for tasks to queue
[2025-06-10T05:01:22.524+0000] {logging_mixin.py:188} INFO - [2025-06-10T05:01:22.523+0000] {dagbag.py:545} INFO - Filling up the DagBag from /home/airflow/.local/lib/python3.12/site-packages/airflow/example_dags/example_bash_decorator.py
[2025-06-10T05:01:22.545+0000] {processor.py:840} INFO - DAG(s) 'example_bash_decorator' retrieved from /home/airflow/.local/lib/python3.12/site-packages/airflow/example_dags/example_bash_decorator.py
[2025-06-10T05:01:22.575+0000] {logging_mixin.py:188} INFO - [2025-06-10T05:01:22.575+0000] {dag.py:3096} INFO - Sync 1 DAGs
[2025-06-10T05:01:22.591+0000] {logging_mixin.py:188} INFO - [2025-06-10T05:01:22.591+0000] {dag.py:3954} INFO - Setting next_dagrun for example_bash_decorator to None, run_after=None
[2025-06-10T05:01:22.621+0000] {processor.py:183} INFO - Processing /home/airflow/.local/lib/python3.12/site-packages/airflow/example_dags/example_bash_decorator.py took 0.110 seconds
[2025-06-10T05:01:54.670+0000] {processor.py:161} INFO - Started process (PID=821) to work on /home/airflow/.local/lib/python3.12/site-packages/airflow/example_dags/example_bash_decorator.py
[2025-06-10T05:01:54.672+0000] {processor.py:830} INFO - Processing file /home/airflow/.local/lib/python3.12/site-packages/airflow/example_dags/example_bash_decorator.py for tasks to queue
[2025-06-10T05:01:54.674+0000] {logging_mixin.py:188} INFO - [2025-06-10T05:01:54.674+0000] {dagbag.py:545} INFO - Filling up the DagBag from /home/airflow/.local/lib/python3.12/site-packages/airflow/example_dags/example_bash_decorator.py
[2025-06-10T05:01:54.691+0000] {processor.py:840} INFO - DAG(s) 'example_bash_decorator' retrieved from /home/airflow/.local/lib/python3.12/site-packages/airflow/example_dags/example_bash_decorator.py
[2025-06-10T05:01:54.721+0000] {logging_mixin.py:188} INFO - [2025-06-10T05:01:54.721+0000] {dag.py:3096} INFO - Sync 1 DAGs
[2025-06-10T05:01:54.737+0000] {logging_mixin.py:188} INFO - [2025-06-10T05:01:54.737+0000] {dag.py:3954} INFO - Setting next_dagrun for example_bash_decorator to None, run_after=None
[2025-06-10T05:01:54.766+0000] {processor.py:183} INFO - Processing /home/airflow/.local/lib/python3.12/site-packages/airflow/example_dags/example_bash_decorator.py took 0.108 seconds
[2025-06-10T05:02:27.628+0000] {processor.py:161} INFO - Started process (PID=884) to work on /home/airflow/.local/lib/python3.12/site-packages/airflow/example_dags/example_bash_decorator.py
[2025-06-10T05:02:27.630+0000] {processor.py:830} INFO - Processing file /home/airflow/.local/lib/python3.12/site-packages/airflow/example_dags/example_bash_decorator.py for tasks to queue
[2025-06-10T05:02:27.633+0000] {logging_mixin.py:188} INFO - [2025-06-10T05:02:27.633+0000] {dagbag.py:545} INFO - Filling up the DagBag from /home/airflow/.local/lib/python3.12/site-packages/airflow/example_dags/example_bash_decorator.py
[2025-06-10T05:02:27.656+0000] {processor.py:840} INFO - DAG(s) 'example_bash_decorator' retrieved from /home/airflow/.local/lib/python3.12/site-packages/airflow/example_dags/example_bash_decorator.py
[2025-06-10T05:02:27.696+0000] {logging_mixin.py:188} INFO - [2025-06-10T05:02:27.696+0000] {dag.py:3096} INFO - Sync 1 DAGs
[2025-06-10T05:02:27.740+0000] {logging_mixin.py:188} INFO - [2025-06-10T05:02:27.739+0000] {dag.py:3954} INFO - Setting next_dagrun for example_bash_decorator to None, run_after=None
[2025-06-10T05:02:27.790+0000] {processor.py:183} INFO - Processing /home/airflow/.local/lib/python3.12/site-packages/airflow/example_dags/example_bash_decorator.py took 0.170 seconds
[2025-06-10T05:03:00.313+0000] {processor.py:161} INFO - Started process (PID=947) to work on /home/airflow/.local/lib/python3.12/site-packages/airflow/example_dags/example_bash_decorator.py
[2025-06-10T05:03:00.316+0000] {processor.py:830} INFO - Processing file /home/airflow/.local/lib/python3.12/site-packages/airflow/example_dags/example_bash_decorator.py for tasks to queue
[2025-06-10T05:03:00.322+0000] {logging_mixin.py:188} INFO - [2025-06-10T05:03:00.321+0000] {dagbag.py:545} INFO - Filling up the DagBag from /home/airflow/.local/lib/python3.12/site-packages/airflow/example_dags/example_bash_decorator.py
[2025-06-10T05:03:00.357+0000] {processor.py:840} INFO - DAG(s) 'example_bash_decorator' retrieved from /home/airflow/.local/lib/python3.12/site-packages/airflow/example_dags/example_bash_decorator.py
[2025-06-10T05:03:00.410+0000] {logging_mixin.py:188} INFO - [2025-06-10T05:03:00.410+0000] {dag.py:3096} INFO - Sync 1 DAGs
[2025-06-10T05:03:00.433+0000] {logging_mixin.py:188} INFO - [2025-06-10T05:03:00.432+0000] {dag.py:3954} INFO - Setting next_dagrun for example_bash_decorator to None, run_after=None
[2025-06-10T05:03:00.476+0000] {processor.py:183} INFO - Processing /home/airflow/.local/lib/python3.12/site-packages/airflow/example_dags/example_bash_decorator.py took 0.175 seconds
[2025-06-10T05:03:31.701+0000] {processor.py:161} INFO - Started process (PID=1010) to work on /home/airflow/.local/lib/python3.12/site-packages/airflow/example_dags/example_bash_decorator.py
[2025-06-10T05:03:31.705+0000] {processor.py:830} INFO - Processing file /home/airflow/.local/lib/python3.12/site-packages/airflow/example_dags/example_bash_decorator.py for tasks to queue
[2025-06-10T05:03:31.713+0000] {logging_mixin.py:188} INFO - [2025-06-10T05:03:31.712+0000] {dagbag.py:545} INFO - Filling up the DagBag from /home/airflow/.local/lib/python3.12/site-packages/airflow/example_dags/example_bash_decorator.py
[2025-06-10T05:03:31.751+0000] {processor.py:840} INFO - DAG(s) 'example_bash_decorator' retrieved from /home/airflow/.local/lib/python3.12/site-packages/airflow/example_dags/example_bash_decorator.py
[2025-06-10T05:03:31.812+0000] {logging_mixin.py:188} INFO - [2025-06-10T05:03:31.807+0000] {dag.py:3096} INFO - Sync 1 DAGs
[2025-06-10T05:03:31.839+0000] {logging_mixin.py:188} INFO - [2025-06-10T05:03:31.839+0000] {dag.py:3954} INFO - Setting next_dagrun for example_bash_decorator to None, run_after=None
[2025-06-10T05:03:31.881+0000] {processor.py:183} INFO - Processing /home/airflow/.local/lib/python3.12/site-packages/airflow/example_dags/example_bash_decorator.py took 0.204 seconds
[2025-06-10T05:04:02.077+0000] {processor.py:161} INFO - Started process (PID=1073) to work on /home/airflow/.local/lib/python3.12/site-packages/airflow/example_dags/example_bash_decorator.py
[2025-06-10T05:04:02.078+0000] {processor.py:830} INFO - Processing file /home/airflow/.local/lib/python3.12/site-packages/airflow/example_dags/example_bash_decorator.py for tasks to queue
[2025-06-10T05:04:02.082+0000] {logging_mixin.py:188} INFO - [2025-06-10T05:04:02.081+0000] {dagbag.py:545} INFO - Filling up the DagBag from /home/airflow/.local/lib/python3.12/site-packages/airflow/example_dags/example_bash_decorator.py
[2025-06-10T05:04:02.129+0000] {processor.py:840} INFO - DAG(s) 'example_bash_decorator' retrieved from /home/airflow/.local/lib/python3.12/site-packages/airflow/example_dags/example_bash_decorator.py
[2025-06-10T05:04:02.166+0000] {logging_mixin.py:188} INFO - [2025-06-10T05:04:02.166+0000] {dag.py:3096} INFO - Sync 1 DAGs
[2025-06-10T05:04:02.216+0000] {logging_mixin.py:188} INFO - [2025-06-10T05:04:02.212+0000] {dag.py:3954} INFO - Setting next_dagrun for example_bash_decorator to None, run_after=None
[2025-06-10T05:04:02.286+0000] {processor.py:183} INFO - Processing /home/airflow/.local/lib/python3.12/site-packages/airflow/example_dags/example_bash_decorator.py took 0.224 seconds
[2025-06-10T05:04:32.692+0000] {processor.py:161} INFO - Started process (PID=1136) to work on /home/airflow/.local/lib/python3.12/site-packages/airflow/example_dags/example_bash_decorator.py
[2025-06-10T05:04:32.693+0000] {processor.py:830} INFO - Processing file /home/airflow/.local/lib/python3.12/site-packages/airflow/example_dags/example_bash_decorator.py for tasks to queue
[2025-06-10T05:04:32.696+0000] {logging_mixin.py:188} INFO - [2025-06-10T05:04:32.695+0000] {dagbag.py:545} INFO - Filling up the DagBag from /home/airflow/.local/lib/python3.12/site-packages/airflow/example_dags/example_bash_decorator.py
[2025-06-10T05:04:32.713+0000] {processor.py:840} INFO - DAG(s) 'example_bash_decorator' retrieved from /home/airflow/.local/lib/python3.12/site-packages/airflow/example_dags/example_bash_decorator.py
[2025-06-10T05:04:32.752+0000] {logging_mixin.py:188} INFO - [2025-06-10T05:04:32.752+0000] {dag.py:3096} INFO - Sync 1 DAGs
[2025-06-10T05:04:32.774+0000] {logging_mixin.py:188} INFO - [2025-06-10T05:04:32.774+0000] {dag.py:3954} INFO - Setting next_dagrun for example_bash_decorator to None, run_after=None
[2025-06-10T05:04:32.812+0000] {processor.py:183} INFO - Processing /home/airflow/.local/lib/python3.12/site-packages/airflow/example_dags/example_bash_decorator.py took 0.129 seconds
[2025-06-10T05:05:03.356+0000] {processor.py:161} INFO - Started process (PID=1199) to work on /home/airflow/.local/lib/python3.12/site-packages/airflow/example_dags/example_bash_decorator.py
[2025-06-10T05:05:03.358+0000] {processor.py:830} INFO - Processing file /home/airflow/.local/lib/python3.12/site-packages/airflow/example_dags/example_bash_decorator.py for tasks to queue
[2025-06-10T05:05:03.360+0000] {logging_mixin.py:188} INFO - [2025-06-10T05:05:03.360+0000] {dagbag.py:545} INFO - Filling up the DagBag from /home/airflow/.local/lib/python3.12/site-packages/airflow/example_dags/example_bash_decorator.py
[2025-06-10T05:05:03.379+0000] {processor.py:840} INFO - DAG(s) 'example_bash_decorator' retrieved from /home/airflow/.local/lib/python3.12/site-packages/airflow/example_dags/example_bash_decorator.py
[2025-06-10T05:05:03.413+0000] {logging_mixin.py:188} INFO - [2025-06-10T05:05:03.413+0000] {dag.py:3096} INFO - Sync 1 DAGs
[2025-06-10T05:05:03.436+0000] {logging_mixin.py:188} INFO - [2025-06-10T05:05:03.436+0000] {dag.py:3954} INFO - Setting next_dagrun for example_bash_decorator to None, run_after=None
[2025-06-10T05:05:03.483+0000] {processor.py:183} INFO - Processing /home/airflow/.local/lib/python3.12/site-packages/airflow/example_dags/example_bash_decorator.py took 0.136 seconds
[2025-06-10T05:05:33.723+0000] {processor.py:161} INFO - Started process (PID=1261) to work on /home/airflow/.local/lib/python3.12/site-packages/airflow/example_dags/example_bash_decorator.py
[2025-06-10T05:05:33.724+0000] {processor.py:830} INFO - Processing file /home/airflow/.local/lib/python3.12/site-packages/airflow/example_dags/example_bash_decorator.py for tasks to queue
[2025-06-10T05:05:33.727+0000] {logging_mixin.py:188} INFO - [2025-06-10T05:05:33.726+0000] {dagbag.py:545} INFO - Filling up the DagBag from /home/airflow/.local/lib/python3.12/site-packages/airflow/example_dags/example_bash_decorator.py
[2025-06-10T05:05:33.743+0000] {processor.py:840} INFO - DAG(s) 'example_bash_decorator' retrieved from /home/airflow/.local/lib/python3.12/site-packages/airflow/example_dags/example_bash_decorator.py
[2025-06-10T05:05:33.801+0000] {logging_mixin.py:188} INFO - [2025-06-10T05:05:33.801+0000] {dag.py:3096} INFO - Sync 1 DAGs
[2025-06-10T05:05:33.828+0000] {logging_mixin.py:188} INFO - [2025-06-10T05:05:33.827+0000] {dag.py:3954} INFO - Setting next_dagrun for example_bash_decorator to None, run_after=None
[2025-06-10T05:05:33.874+0000] {processor.py:183} INFO - Processing /home/airflow/.local/lib/python3.12/site-packages/airflow/example_dags/example_bash_decorator.py took 0.161 seconds
[2025-06-10T05:06:04.821+0000] {processor.py:161} INFO - Started process (PID=1331) to work on /home/airflow/.local/lib/python3.12/site-packages/airflow/example_dags/example_bash_decorator.py
[2025-06-10T05:06:04.826+0000] {processor.py:830} INFO - Processing file /home/airflow/.local/lib/python3.12/site-packages/airflow/example_dags/example_bash_decorator.py for tasks to queue
[2025-06-10T05:06:04.830+0000] {logging_mixin.py:188} INFO - [2025-06-10T05:06:04.829+0000] {dagbag.py:545} INFO - Filling up the DagBag from /home/airflow/.local/lib/python3.12/site-packages/airflow/example_dags/example_bash_decorator.py
[2025-06-10T05:06:04.861+0000] {processor.py:840} INFO - DAG(s) 'example_bash_decorator' retrieved from /home/airflow/.local/lib/python3.12/site-packages/airflow/example_dags/example_bash_decorator.py
[2025-06-10T05:06:04.915+0000] {logging_mixin.py:188} INFO - [2025-06-10T05:06:04.915+0000] {dag.py:3096} INFO - Sync 1 DAGs
[2025-06-10T05:06:04.949+0000] {logging_mixin.py:188} INFO - [2025-06-10T05:06:04.948+0000] {dag.py:3954} INFO - Setting next_dagrun for example_bash_decorator to None, run_after=None
[2025-06-10T05:06:05.009+0000] {processor.py:183} INFO - Processing /home/airflow/.local/lib/python3.12/site-packages/airflow/example_dags/example_bash_decorator.py took 0.200 seconds
[2025-06-10T05:06:35.161+0000] {processor.py:161} INFO - Started process (PID=1394) to work on /home/airflow/.local/lib/python3.12/site-packages/airflow/example_dags/example_bash_decorator.py
[2025-06-10T05:06:35.163+0000] {processor.py:830} INFO - Processing file /home/airflow/.local/lib/python3.12/site-packages/airflow/example_dags/example_bash_decorator.py for tasks to queue
[2025-06-10T05:06:35.165+0000] {logging_mixin.py:188} INFO - [2025-06-10T05:06:35.165+0000] {dagbag.py:545} INFO - Filling up the DagBag from /home/airflow/.local/lib/python3.12/site-packages/airflow/example_dags/example_bash_decorator.py
[2025-06-10T05:06:35.183+0000] {processor.py:840} INFO - DAG(s) 'example_bash_decorator' retrieved from /home/airflow/.local/lib/python3.12/site-packages/airflow/example_dags/example_bash_decorator.py
[2025-06-10T05:06:35.212+0000] {logging_mixin.py:188} INFO - [2025-06-10T05:06:35.212+0000] {dag.py:3096} INFO - Sync 1 DAGs
[2025-06-10T05:06:35.227+0000] {logging_mixin.py:188} INFO - [2025-06-10T05:06:35.227+0000] {dag.py:3954} INFO - Setting next_dagrun for example_bash_decorator to None, run_after=None
[2025-06-10T05:06:35.254+0000] {processor.py:183} INFO - Processing /home/airflow/.local/lib/python3.12/site-packages/airflow/example_dags/example_bash_decorator.py took 0.101 seconds
[2025-06-10T05:07:05.910+0000] {processor.py:161} INFO - Started process (PID=1457) to work on /home/airflow/.local/lib/python3.12/site-packages/airflow/example_dags/example_bash_decorator.py
[2025-06-10T05:07:05.912+0000] {processor.py:830} INFO - Processing file /home/airflow/.local/lib/python3.12/site-packages/airflow/example_dags/example_bash_decorator.py for tasks to queue
[2025-06-10T05:07:05.916+0000] {logging_mixin.py:188} INFO - [2025-06-10T05:07:05.915+0000] {dagbag.py:545} INFO - Filling up the DagBag from /home/airflow/.local/lib/python3.12/site-packages/airflow/example_dags/example_bash_decorator.py
[2025-06-10T05:07:05.941+0000] {processor.py:840} INFO - DAG(s) 'example_bash_decorator' retrieved from /home/airflow/.local/lib/python3.12/site-packages/airflow/example_dags/example_bash_decorator.py
[2025-06-10T05:07:05.967+0000] {logging_mixin.py:188} INFO - [2025-06-10T05:07:05.966+0000] {dag.py:3096} INFO - Sync 1 DAGs
[2025-06-10T05:07:05.980+0000] {logging_mixin.py:188} INFO - [2025-06-10T05:07:05.980+0000] {dag.py:3954} INFO - Setting next_dagrun for example_bash_decorator to None, run_after=None
[2025-06-10T05:07:06.008+0000] {processor.py:183} INFO - Processing /home/airflow/.local/lib/python3.12/site-packages/airflow/example_dags/example_bash_decorator.py took 0.111 seconds
[2025-06-10T05:07:36.864+0000] {processor.py:161} INFO - Started process (PID=1520) to work on /home/airflow/.local/lib/python3.12/site-packages/airflow/example_dags/example_bash_decorator.py
[2025-06-10T05:07:36.867+0000] {processor.py:830} INFO - Processing file /home/airflow/.local/lib/python3.12/site-packages/airflow/example_dags/example_bash_decorator.py for tasks to queue
[2025-06-10T05:07:36.869+0000] {logging_mixin.py:188} INFO - [2025-06-10T05:07:36.869+0000] {dagbag.py:545} INFO - Filling up the DagBag from /home/airflow/.local/lib/python3.12/site-packages/airflow/example_dags/example_bash_decorator.py
[2025-06-10T05:07:36.884+0000] {processor.py:840} INFO - DAG(s) 'example_bash_decorator' retrieved from /home/airflow/.local/lib/python3.12/site-packages/airflow/example_dags/example_bash_decorator.py
[2025-06-10T05:07:36.910+0000] {logging_mixin.py:188} INFO - [2025-06-10T05:07:36.910+0000] {dag.py:3096} INFO - Sync 1 DAGs
[2025-06-10T05:07:37.073+0000] {logging_mixin.py:188} INFO - [2025-06-10T05:07:37.072+0000] {dag.py:3954} INFO - Setting next_dagrun for example_bash_decorator to None, run_after=None
[2025-06-10T05:07:37.107+0000] {processor.py:183} INFO - Processing /home/airflow/.local/lib/python3.12/site-packages/airflow/example_dags/example_bash_decorator.py took 0.250 seconds
[2025-06-10T05:08:07.436+0000] {processor.py:161} INFO - Started process (PID=1583) to work on /home/airflow/.local/lib/python3.12/site-packages/airflow/example_dags/example_bash_decorator.py
[2025-06-10T05:08:07.437+0000] {processor.py:830} INFO - Processing file /home/airflow/.local/lib/python3.12/site-packages/airflow/example_dags/example_bash_decorator.py for tasks to queue
[2025-06-10T05:08:07.440+0000] {logging_mixin.py:188} INFO - [2025-06-10T05:08:07.439+0000] {dagbag.py:545} INFO - Filling up the DagBag from /home/airflow/.local/lib/python3.12/site-packages/airflow/example_dags/example_bash_decorator.py
[2025-06-10T05:08:07.453+0000] {processor.py:840} INFO - DAG(s) 'example_bash_decorator' retrieved from /home/airflow/.local/lib/python3.12/site-packages/airflow/example_dags/example_bash_decorator.py
[2025-06-10T05:08:07.480+0000] {logging_mixin.py:188} INFO - [2025-06-10T05:08:07.480+0000] {dag.py:3096} INFO - Sync 1 DAGs
[2025-06-10T05:08:07.498+0000] {logging_mixin.py:188} INFO - [2025-06-10T05:08:07.497+0000] {dag.py:3954} INFO - Setting next_dagrun for example_bash_decorator to None, run_after=None
[2025-06-10T05:08:07.677+0000] {processor.py:183} INFO - Processing /home/airflow/.local/lib/python3.12/site-packages/airflow/example_dags/example_bash_decorator.py took 0.250 seconds
[2025-06-10T05:08:38.871+0000] {processor.py:161} INFO - Started process (PID=1645) to work on /home/airflow/.local/lib/python3.12/site-packages/airflow/example_dags/example_bash_decorator.py
[2025-06-10T05:08:38.874+0000] {processor.py:830} INFO - Processing file /home/airflow/.local/lib/python3.12/site-packages/airflow/example_dags/example_bash_decorator.py for tasks to queue
[2025-06-10T05:08:38.876+0000] {logging_mixin.py:188} INFO - [2025-06-10T05:08:38.876+0000] {dagbag.py:545} INFO - Filling up the DagBag from /home/airflow/.local/lib/python3.12/site-packages/airflow/example_dags/example_bash_decorator.py
[2025-06-10T05:08:38.901+0000] {processor.py:840} INFO - DAG(s) 'example_bash_decorator' retrieved from /home/airflow/.local/lib/python3.12/site-packages/airflow/example_dags/example_bash_decorator.py
[2025-06-10T05:08:38.947+0000] {logging_mixin.py:188} INFO - [2025-06-10T05:08:38.946+0000] {dag.py:3096} INFO - Sync 1 DAGs
[2025-06-10T05:08:38.963+0000] {logging_mixin.py:188} INFO - [2025-06-10T05:08:38.963+0000] {dag.py:3954} INFO - Setting next_dagrun for example_bash_decorator to None, run_after=None
[2025-06-10T05:08:39.003+0000] {processor.py:183} INFO - Processing /home/airflow/.local/lib/python3.12/site-packages/airflow/example_dags/example_bash_decorator.py took 0.140 seconds
[2025-06-10T05:09:10.139+0000] {processor.py:161} INFO - Started process (PID=1706) to work on /home/airflow/.local/lib/python3.12/site-packages/airflow/example_dags/example_bash_decorator.py
[2025-06-10T05:09:10.140+0000] {processor.py:830} INFO - Processing file /home/airflow/.local/lib/python3.12/site-packages/airflow/example_dags/example_bash_decorator.py for tasks to queue
[2025-06-10T05:09:10.142+0000] {logging_mixin.py:188} INFO - [2025-06-10T05:09:10.142+0000] {dagbag.py:545} INFO - Filling up the DagBag from /home/airflow/.local/lib/python3.12/site-packages/airflow/example_dags/example_bash_decorator.py
[2025-06-10T05:09:10.159+0000] {processor.py:840} INFO - DAG(s) 'example_bash_decorator' retrieved from /home/airflow/.local/lib/python3.12/site-packages/airflow/example_dags/example_bash_decorator.py
[2025-06-10T05:09:10.185+0000] {logging_mixin.py:188} INFO - [2025-06-10T05:09:10.185+0000] {dag.py:3096} INFO - Sync 1 DAGs
[2025-06-10T05:09:10.200+0000] {logging_mixin.py:188} INFO - [2025-06-10T05:09:10.200+0000] {dag.py:3954} INFO - Setting next_dagrun for example_bash_decorator to None, run_after=None
[2025-06-10T05:09:10.242+0000] {processor.py:183} INFO - Processing /home/airflow/.local/lib/python3.12/site-packages/airflow/example_dags/example_bash_decorator.py took 0.112 seconds
[2025-06-10T05:09:40.993+0000] {processor.py:161} INFO - Started process (PID=1769) to work on /home/airflow/.local/lib/python3.12/site-packages/airflow/example_dags/example_bash_decorator.py
[2025-06-10T05:09:40.996+0000] {processor.py:830} INFO - Processing file /home/airflow/.local/lib/python3.12/site-packages/airflow/example_dags/example_bash_decorator.py for tasks to queue
[2025-06-10T05:09:40.998+0000] {logging_mixin.py:188} INFO - [2025-06-10T05:09:40.998+0000] {dagbag.py:545} INFO - Filling up the DagBag from /home/airflow/.local/lib/python3.12/site-packages/airflow/example_dags/example_bash_decorator.py
[2025-06-10T05:09:41.014+0000] {processor.py:840} INFO - DAG(s) 'example_bash_decorator' retrieved from /home/airflow/.local/lib/python3.12/site-packages/airflow/example_dags/example_bash_decorator.py
[2025-06-10T05:09:41.042+0000] {logging_mixin.py:188} INFO - [2025-06-10T05:09:41.041+0000] {dag.py:3096} INFO - Sync 1 DAGs
[2025-06-10T05:09:41.058+0000] {logging_mixin.py:188} INFO - [2025-06-10T05:09:41.058+0000] {dag.py:3954} INFO - Setting next_dagrun for example_bash_decorator to None, run_after=None
[2025-06-10T05:09:41.086+0000] {processor.py:183} INFO - Processing /home/airflow/.local/lib/python3.12/site-packages/airflow/example_dags/example_bash_decorator.py took 0.101 seconds
[2025-06-10T05:10:11.832+0000] {processor.py:161} INFO - Started process (PID=1832) to work on /home/airflow/.local/lib/python3.12/site-packages/airflow/example_dags/example_bash_decorator.py
[2025-06-10T05:10:11.837+0000] {processor.py:830} INFO - Processing file /home/airflow/.local/lib/python3.12/site-packages/airflow/example_dags/example_bash_decorator.py for tasks to queue
[2025-06-10T05:10:11.846+0000] {logging_mixin.py:188} INFO - [2025-06-10T05:10:11.845+0000] {dagbag.py:545} INFO - Filling up the DagBag from /home/airflow/.local/lib/python3.12/site-packages/airflow/example_dags/example_bash_decorator.py
[2025-06-10T05:10:11.934+0000] {processor.py:840} INFO - DAG(s) 'example_bash_decorator' retrieved from /home/airflow/.local/lib/python3.12/site-packages/airflow/example_dags/example_bash_decorator.py
[2025-06-10T05:10:11.970+0000] {logging_mixin.py:188} INFO - [2025-06-10T05:10:11.969+0000] {dag.py:3096} INFO - Sync 1 DAGs
[2025-06-10T05:10:11.987+0000] {logging_mixin.py:188} INFO - [2025-06-10T05:10:11.987+0000] {dag.py:3954} INFO - Setting next_dagrun for example_bash_decorator to None, run_after=None
[2025-06-10T05:10:12.014+0000] {processor.py:183} INFO - Processing /home/airflow/.local/lib/python3.12/site-packages/airflow/example_dags/example_bash_decorator.py took 0.198 seconds
[2025-06-10T05:10:42.449+0000] {processor.py:161} INFO - Started process (PID=1895) to work on /home/airflow/.local/lib/python3.12/site-packages/airflow/example_dags/example_bash_decorator.py
[2025-06-10T05:10:42.453+0000] {processor.py:830} INFO - Processing file /home/airflow/.local/lib/python3.12/site-packages/airflow/example_dags/example_bash_decorator.py for tasks to queue
[2025-06-10T05:10:42.458+0000] {logging_mixin.py:188} INFO - [2025-06-10T05:10:42.457+0000] {dagbag.py:545} INFO - Filling up the DagBag from /home/airflow/.local/lib/python3.12/site-packages/airflow/example_dags/example_bash_decorator.py
[2025-06-10T05:10:42.491+0000] {processor.py:840} INFO - DAG(s) 'example_bash_decorator' retrieved from /home/airflow/.local/lib/python3.12/site-packages/airflow/example_dags/example_bash_decorator.py
[2025-06-10T05:10:42.548+0000] {logging_mixin.py:188} INFO - [2025-06-10T05:10:42.547+0000] {dag.py:3096} INFO - Sync 1 DAGs
[2025-06-10T05:10:42.578+0000] {logging_mixin.py:188} INFO - [2025-06-10T05:10:42.578+0000] {dag.py:3954} INFO - Setting next_dagrun for example_bash_decorator to None, run_after=None
[2025-06-10T05:10:42.626+0000] {processor.py:183} INFO - Processing /home/airflow/.local/lib/python3.12/site-packages/airflow/example_dags/example_bash_decorator.py took 0.190 seconds
[2025-06-10T05:11:13.426+0000] {processor.py:161} INFO - Started process (PID=1958) to work on /home/airflow/.local/lib/python3.12/site-packages/airflow/example_dags/example_bash_decorator.py
[2025-06-10T05:11:13.428+0000] {processor.py:830} INFO - Processing file /home/airflow/.local/lib/python3.12/site-packages/airflow/example_dags/example_bash_decorator.py for tasks to queue
[2025-06-10T05:11:13.430+0000] {logging_mixin.py:188} INFO - [2025-06-10T05:11:13.430+0000] {dagbag.py:545} INFO - Filling up the DagBag from /home/airflow/.local/lib/python3.12/site-packages/airflow/example_dags/example_bash_decorator.py
[2025-06-10T05:11:13.447+0000] {processor.py:840} INFO - DAG(s) 'example_bash_decorator' retrieved from /home/airflow/.local/lib/python3.12/site-packages/airflow/example_dags/example_bash_decorator.py
[2025-06-10T05:11:13.474+0000] {logging_mixin.py:188} INFO - [2025-06-10T05:11:13.473+0000] {dag.py:3096} INFO - Sync 1 DAGs
[2025-06-10T05:11:13.488+0000] {logging_mixin.py:188} INFO - [2025-06-10T05:11:13.487+0000] {dag.py:3954} INFO - Setting next_dagrun for example_bash_decorator to None, run_after=None
[2025-06-10T05:11:13.515+0000] {processor.py:183} INFO - Processing /home/airflow/.local/lib/python3.12/site-packages/airflow/example_dags/example_bash_decorator.py took 0.097 seconds
[2025-06-10T05:11:43.974+0000] {processor.py:161} INFO - Started process (PID=2021) to work on /home/airflow/.local/lib/python3.12/site-packages/airflow/example_dags/example_bash_decorator.py
[2025-06-10T05:11:43.975+0000] {processor.py:830} INFO - Processing file /home/airflow/.local/lib/python3.12/site-packages/airflow/example_dags/example_bash_decorator.py for tasks to queue
[2025-06-10T05:11:43.979+0000] {logging_mixin.py:188} INFO - [2025-06-10T05:11:43.978+0000] {dagbag.py:545} INFO - Filling up the DagBag from /home/airflow/.local/lib/python3.12/site-packages/airflow/example_dags/example_bash_decorator.py
[2025-06-10T05:11:44.001+0000] {processor.py:840} INFO - DAG(s) 'example_bash_decorator' retrieved from /home/airflow/.local/lib/python3.12/site-packages/airflow/example_dags/example_bash_decorator.py
[2025-06-10T05:11:44.031+0000] {logging_mixin.py:188} INFO - [2025-06-10T05:11:44.031+0000] {dag.py:3096} INFO - Sync 1 DAGs
[2025-06-10T05:11:44.045+0000] {logging_mixin.py:188} INFO - [2025-06-10T05:11:44.045+0000] {dag.py:3954} INFO - Setting next_dagrun for example_bash_decorator to None, run_after=None
[2025-06-10T05:11:44.076+0000] {processor.py:183} INFO - Processing /home/airflow/.local/lib/python3.12/site-packages/airflow/example_dags/example_bash_decorator.py took 0.114 seconds
[2025-06-10T05:12:14.187+0000] {processor.py:161} INFO - Started process (PID=2082) to work on /home/airflow/.local/lib/python3.12/site-packages/airflow/example_dags/example_bash_decorator.py
[2025-06-10T05:12:14.189+0000] {processor.py:830} INFO - Processing file /home/airflow/.local/lib/python3.12/site-packages/airflow/example_dags/example_bash_decorator.py for tasks to queue
[2025-06-10T05:12:14.191+0000] {logging_mixin.py:188} INFO - [2025-06-10T05:12:14.191+0000] {dagbag.py:545} INFO - Filling up the DagBag from /home/airflow/.local/lib/python3.12/site-packages/airflow/example_dags/example_bash_decorator.py
[2025-06-10T05:12:14.207+0000] {processor.py:840} INFO - DAG(s) 'example_bash_decorator' retrieved from /home/airflow/.local/lib/python3.12/site-packages/airflow/example_dags/example_bash_decorator.py
[2025-06-10T05:12:14.241+0000] {logging_mixin.py:188} INFO - [2025-06-10T05:12:14.241+0000] {dag.py:3096} INFO - Sync 1 DAGs
[2025-06-10T05:12:14.260+0000] {logging_mixin.py:188} INFO - [2025-06-10T05:12:14.260+0000] {dag.py:3954} INFO - Setting next_dagrun for example_bash_decorator to None, run_after=None
[2025-06-10T05:12:14.295+0000] {processor.py:183} INFO - Processing /home/airflow/.local/lib/python3.12/site-packages/airflow/example_dags/example_bash_decorator.py took 0.116 seconds
[2025-06-10T05:12:44.385+0000] {processor.py:161} INFO - Started process (PID=2145) to work on /home/airflow/.local/lib/python3.12/site-packages/airflow/example_dags/example_bash_decorator.py
[2025-06-10T05:12:44.386+0000] {processor.py:830} INFO - Processing file /home/airflow/.local/lib/python3.12/site-packages/airflow/example_dags/example_bash_decorator.py for tasks to queue
[2025-06-10T05:12:44.389+0000] {logging_mixin.py:188} INFO - [2025-06-10T05:12:44.388+0000] {dagbag.py:545} INFO - Filling up the DagBag from /home/airflow/.local/lib/python3.12/site-packages/airflow/example_dags/example_bash_decorator.py
[2025-06-10T05:12:44.406+0000] {processor.py:840} INFO - DAG(s) 'example_bash_decorator' retrieved from /home/airflow/.local/lib/python3.12/site-packages/airflow/example_dags/example_bash_decorator.py
[2025-06-10T05:12:44.434+0000] {logging_mixin.py:188} INFO - [2025-06-10T05:12:44.434+0000] {dag.py:3096} INFO - Sync 1 DAGs
[2025-06-10T05:12:44.450+0000] {logging_mixin.py:188} INFO - [2025-06-10T05:12:44.450+0000] {dag.py:3954} INFO - Setting next_dagrun for example_bash_decorator to None, run_after=None
[2025-06-10T05:12:44.477+0000] {processor.py:183} INFO - Processing /home/airflow/.local/lib/python3.12/site-packages/airflow/example_dags/example_bash_decorator.py took 0.101 seconds
[2025-06-10T05:13:14.633+0000] {processor.py:161} INFO - Started process (PID=2208) to work on /home/airflow/.local/lib/python3.12/site-packages/airflow/example_dags/example_bash_decorator.py
[2025-06-10T05:13:14.635+0000] {processor.py:830} INFO - Processing file /home/airflow/.local/lib/python3.12/site-packages/airflow/example_dags/example_bash_decorator.py for tasks to queue
[2025-06-10T05:13:14.638+0000] {logging_mixin.py:188} INFO - [2025-06-10T05:13:14.638+0000] {dagbag.py:545} INFO - Filling up the DagBag from /home/airflow/.local/lib/python3.12/site-packages/airflow/example_dags/example_bash_decorator.py
[2025-06-10T05:13:14.658+0000] {processor.py:840} INFO - DAG(s) 'example_bash_decorator' retrieved from /home/airflow/.local/lib/python3.12/site-packages/airflow/example_dags/example_bash_decorator.py
[2025-06-10T05:13:14.687+0000] {logging_mixin.py:188} INFO - [2025-06-10T05:13:14.687+0000] {dag.py:3096} INFO - Sync 1 DAGs
[2025-06-10T05:13:14.706+0000] {logging_mixin.py:188} INFO - [2025-06-10T05:13:14.706+0000] {dag.py:3954} INFO - Setting next_dagrun for example_bash_decorator to None, run_after=None
[2025-06-10T05:13:14.735+0000] {processor.py:183} INFO - Processing /home/airflow/.local/lib/python3.12/site-packages/airflow/example_dags/example_bash_decorator.py took 0.109 seconds
[2025-06-10T05:13:45.180+0000] {processor.py:161} INFO - Started process (PID=2271) to work on /home/airflow/.local/lib/python3.12/site-packages/airflow/example_dags/example_bash_decorator.py
[2025-06-10T05:13:45.181+0000] {processor.py:830} INFO - Processing file /home/airflow/.local/lib/python3.12/site-packages/airflow/example_dags/example_bash_decorator.py for tasks to queue
[2025-06-10T05:13:45.183+0000] {logging_mixin.py:188} INFO - [2025-06-10T05:13:45.183+0000] {dagbag.py:545} INFO - Filling up the DagBag from /home/airflow/.local/lib/python3.12/site-packages/airflow/example_dags/example_bash_decorator.py
[2025-06-10T05:13:45.202+0000] {processor.py:840} INFO - DAG(s) 'example_bash_decorator' retrieved from /home/airflow/.local/lib/python3.12/site-packages/airflow/example_dags/example_bash_decorator.py
[2025-06-10T05:13:45.231+0000] {logging_mixin.py:188} INFO - [2025-06-10T05:13:45.230+0000] {dag.py:3096} INFO - Sync 1 DAGs
[2025-06-10T05:13:45.245+0000] {logging_mixin.py:188} INFO - [2025-06-10T05:13:45.244+0000] {dag.py:3954} INFO - Setting next_dagrun for example_bash_decorator to None, run_after=None
[2025-06-10T05:13:45.296+0000] {processor.py:183} INFO - Processing /home/airflow/.local/lib/python3.12/site-packages/airflow/example_dags/example_bash_decorator.py took 0.124 seconds
[2025-06-10T05:14:15.538+0000] {processor.py:161} INFO - Started process (PID=2334) to work on /home/airflow/.local/lib/python3.12/site-packages/airflow/example_dags/example_bash_decorator.py
[2025-06-10T05:14:15.540+0000] {processor.py:830} INFO - Processing file /home/airflow/.local/lib/python3.12/site-packages/airflow/example_dags/example_bash_decorator.py for tasks to queue
[2025-06-10T05:14:15.542+0000] {logging_mixin.py:188} INFO - [2025-06-10T05:14:15.542+0000] {dagbag.py:545} INFO - Filling up the DagBag from /home/airflow/.local/lib/python3.12/site-packages/airflow/example_dags/example_bash_decorator.py
[2025-06-10T05:14:15.557+0000] {processor.py:840} INFO - DAG(s) 'example_bash_decorator' retrieved from /home/airflow/.local/lib/python3.12/site-packages/airflow/example_dags/example_bash_decorator.py
[2025-06-10T05:14:15.584+0000] {logging_mixin.py:188} INFO - [2025-06-10T05:14:15.583+0000] {dag.py:3096} INFO - Sync 1 DAGs
[2025-06-10T05:14:15.597+0000] {logging_mixin.py:188} INFO - [2025-06-10T05:14:15.597+0000] {dag.py:3954} INFO - Setting next_dagrun for example_bash_decorator to None, run_after=None
[2025-06-10T05:14:15.622+0000] {processor.py:183} INFO - Processing /home/airflow/.local/lib/python3.12/site-packages/airflow/example_dags/example_bash_decorator.py took 0.091 seconds
[2025-06-10T05:14:46.486+0000] {processor.py:161} INFO - Started process (PID=2397) to work on /home/airflow/.local/lib/python3.12/site-packages/airflow/example_dags/example_bash_decorator.py
[2025-06-10T05:14:46.490+0000] {processor.py:830} INFO - Processing file /home/airflow/.local/lib/python3.12/site-packages/airflow/example_dags/example_bash_decorator.py for tasks to queue
[2025-06-10T05:14:46.502+0000] {logging_mixin.py:188} INFO - [2025-06-10T05:14:46.501+0000] {dagbag.py:545} INFO - Filling up the DagBag from /home/airflow/.local/lib/python3.12/site-packages/airflow/example_dags/example_bash_decorator.py
[2025-06-10T05:14:46.613+0000] {processor.py:840} INFO - DAG(s) 'example_bash_decorator' retrieved from /home/airflow/.local/lib/python3.12/site-packages/airflow/example_dags/example_bash_decorator.py
[2025-06-10T05:14:46.668+0000] {logging_mixin.py:188} INFO - [2025-06-10T05:14:46.667+0000] {dag.py:3096} INFO - Sync 1 DAGs
[2025-06-10T05:14:46.686+0000] {logging_mixin.py:188} INFO - [2025-06-10T05:14:46.685+0000] {dag.py:3954} INFO - Setting next_dagrun for example_bash_decorator to None, run_after=None
[2025-06-10T05:14:46.730+0000] {processor.py:183} INFO - Processing /home/airflow/.local/lib/python3.12/site-packages/airflow/example_dags/example_bash_decorator.py took 0.257 seconds
[2025-06-10T05:15:16.807+0000] {processor.py:161} INFO - Started process (PID=2460) to work on /home/airflow/.local/lib/python3.12/site-packages/airflow/example_dags/example_bash_decorator.py
[2025-06-10T05:15:16.808+0000] {processor.py:830} INFO - Processing file /home/airflow/.local/lib/python3.12/site-packages/airflow/example_dags/example_bash_decorator.py for tasks to queue
[2025-06-10T05:15:16.812+0000] {logging_mixin.py:188} INFO - [2025-06-10T05:15:16.812+0000] {dagbag.py:545} INFO - Filling up the DagBag from /home/airflow/.local/lib/python3.12/site-packages/airflow/example_dags/example_bash_decorator.py
[2025-06-10T05:15:16.832+0000] {processor.py:840} INFO - DAG(s) 'example_bash_decorator' retrieved from /home/airflow/.local/lib/python3.12/site-packages/airflow/example_dags/example_bash_decorator.py
[2025-06-10T05:15:16.864+0000] {logging_mixin.py:188} INFO - [2025-06-10T05:15:16.864+0000] {dag.py:3096} INFO - Sync 1 DAGs
[2025-06-10T05:15:16.893+0000] {logging_mixin.py:188} INFO - [2025-06-10T05:15:16.892+0000] {dag.py:3954} INFO - Setting next_dagrun for example_bash_decorator to None, run_after=None
[2025-06-10T05:15:16.931+0000] {processor.py:183} INFO - Processing /home/airflow/.local/lib/python3.12/site-packages/airflow/example_dags/example_bash_decorator.py took 0.138 seconds
[2025-06-10T05:15:47.700+0000] {processor.py:161} INFO - Started process (PID=2523) to work on /home/airflow/.local/lib/python3.12/site-packages/airflow/example_dags/example_bash_decorator.py
[2025-06-10T05:15:47.708+0000] {processor.py:830} INFO - Processing file /home/airflow/.local/lib/python3.12/site-packages/airflow/example_dags/example_bash_decorator.py for tasks to queue
[2025-06-10T05:15:47.714+0000] {logging_mixin.py:188} INFO - [2025-06-10T05:15:47.714+0000] {dagbag.py:545} INFO - Filling up the DagBag from /home/airflow/.local/lib/python3.12/site-packages/airflow/example_dags/example_bash_decorator.py
[2025-06-10T05:15:47.772+0000] {processor.py:840} INFO - DAG(s) 'example_bash_decorator' retrieved from /home/airflow/.local/lib/python3.12/site-packages/airflow/example_dags/example_bash_decorator.py
[2025-06-10T05:15:47.832+0000] {logging_mixin.py:188} INFO - [2025-06-10T05:15:47.831+0000] {dag.py:3096} INFO - Sync 1 DAGs
[2025-06-10T05:15:47.846+0000] {logging_mixin.py:188} INFO - [2025-06-10T05:15:47.846+0000] {dag.py:3954} INFO - Setting next_dagrun for example_bash_decorator to None, run_after=None
[2025-06-10T05:15:47.879+0000] {processor.py:183} INFO - Processing /home/airflow/.local/lib/python3.12/site-packages/airflow/example_dags/example_bash_decorator.py took 0.206 seconds
[2025-06-10T05:16:18.720+0000] {processor.py:161} INFO - Started process (PID=2586) to work on /home/airflow/.local/lib/python3.12/site-packages/airflow/example_dags/example_bash_decorator.py
[2025-06-10T05:16:18.722+0000] {processor.py:830} INFO - Processing file /home/airflow/.local/lib/python3.12/site-packages/airflow/example_dags/example_bash_decorator.py for tasks to queue
[2025-06-10T05:16:18.727+0000] {logging_mixin.py:188} INFO - [2025-06-10T05:16:18.727+0000] {dagbag.py:545} INFO - Filling up the DagBag from /home/airflow/.local/lib/python3.12/site-packages/airflow/example_dags/example_bash_decorator.py
[2025-06-10T05:16:18.761+0000] {processor.py:840} INFO - DAG(s) 'example_bash_decorator' retrieved from /home/airflow/.local/lib/python3.12/site-packages/airflow/example_dags/example_bash_decorator.py
[2025-06-10T05:16:18.817+0000] {logging_mixin.py:188} INFO - [2025-06-10T05:16:18.816+0000] {dag.py:3096} INFO - Sync 1 DAGs
[2025-06-10T05:16:18.843+0000] {logging_mixin.py:188} INFO - [2025-06-10T05:16:18.842+0000] {dag.py:3954} INFO - Setting next_dagrun for example_bash_decorator to None, run_after=None
[2025-06-10T05:16:18.909+0000] {processor.py:183} INFO - Processing /home/airflow/.local/lib/python3.12/site-packages/airflow/example_dags/example_bash_decorator.py took 0.213 seconds
[2025-06-10T05:16:49.027+0000] {processor.py:161} INFO - Started process (PID=2649) to work on /home/airflow/.local/lib/python3.12/site-packages/airflow/example_dags/example_bash_decorator.py
[2025-06-10T05:16:49.028+0000] {processor.py:830} INFO - Processing file /home/airflow/.local/lib/python3.12/site-packages/airflow/example_dags/example_bash_decorator.py for tasks to queue
[2025-06-10T05:16:49.030+0000] {logging_mixin.py:188} INFO - [2025-06-10T05:16:49.030+0000] {dagbag.py:545} INFO - Filling up the DagBag from /home/airflow/.local/lib/python3.12/site-packages/airflow/example_dags/example_bash_decorator.py
[2025-06-10T05:16:49.045+0000] {processor.py:840} INFO - DAG(s) 'example_bash_decorator' retrieved from /home/airflow/.local/lib/python3.12/site-packages/airflow/example_dags/example_bash_decorator.py
[2025-06-10T05:16:49.072+0000] {logging_mixin.py:188} INFO - [2025-06-10T05:16:49.071+0000] {dag.py:3096} INFO - Sync 1 DAGs
[2025-06-10T05:16:49.089+0000] {logging_mixin.py:188} INFO - [2025-06-10T05:16:49.088+0000] {dag.py:3954} INFO - Setting next_dagrun for example_bash_decorator to None, run_after=None
[2025-06-10T05:16:49.117+0000] {processor.py:183} INFO - Processing /home/airflow/.local/lib/python3.12/site-packages/airflow/example_dags/example_bash_decorator.py took 0.105 seconds
[2025-06-10T05:17:19.319+0000] {processor.py:161} INFO - Started process (PID=2712) to work on /home/airflow/.local/lib/python3.12/site-packages/airflow/example_dags/example_bash_decorator.py
[2025-06-10T05:17:19.323+0000] {processor.py:830} INFO - Processing file /home/airflow/.local/lib/python3.12/site-packages/airflow/example_dags/example_bash_decorator.py for tasks to queue
[2025-06-10T05:17:19.327+0000] {logging_mixin.py:188} INFO - [2025-06-10T05:17:19.327+0000] {dagbag.py:545} INFO - Filling up the DagBag from /home/airflow/.local/lib/python3.12/site-packages/airflow/example_dags/example_bash_decorator.py
[2025-06-10T05:17:19.345+0000] {processor.py:840} INFO - DAG(s) 'example_bash_decorator' retrieved from /home/airflow/.local/lib/python3.12/site-packages/airflow/example_dags/example_bash_decorator.py
[2025-06-10T05:17:19.380+0000] {logging_mixin.py:188} INFO - [2025-06-10T05:17:19.380+0000] {dag.py:3096} INFO - Sync 1 DAGs
[2025-06-10T05:17:19.397+0000] {logging_mixin.py:188} INFO - [2025-06-10T05:17:19.396+0000] {dag.py:3954} INFO - Setting next_dagrun for example_bash_decorator to None, run_after=None
[2025-06-10T05:17:19.428+0000] {processor.py:183} INFO - Processing /home/airflow/.local/lib/python3.12/site-packages/airflow/example_dags/example_bash_decorator.py took 0.118 seconds
[2025-06-10T05:17:50.272+0000] {processor.py:161} INFO - Started process (PID=2775) to work on /home/airflow/.local/lib/python3.12/site-packages/airflow/example_dags/example_bash_decorator.py
[2025-06-10T05:17:50.276+0000] {processor.py:830} INFO - Processing file /home/airflow/.local/lib/python3.12/site-packages/airflow/example_dags/example_bash_decorator.py for tasks to queue
[2025-06-10T05:17:50.281+0000] {logging_mixin.py:188} INFO - [2025-06-10T05:17:50.280+0000] {dagbag.py:545} INFO - Filling up the DagBag from /home/airflow/.local/lib/python3.12/site-packages/airflow/example_dags/example_bash_decorator.py
[2025-06-10T05:17:50.313+0000] {processor.py:840} INFO - DAG(s) 'example_bash_decorator' retrieved from /home/airflow/.local/lib/python3.12/site-packages/airflow/example_dags/example_bash_decorator.py
[2025-06-10T05:17:50.355+0000] {logging_mixin.py:188} INFO - [2025-06-10T05:17:50.354+0000] {dag.py:3096} INFO - Sync 1 DAGs
[2025-06-10T05:17:50.377+0000] {logging_mixin.py:188} INFO - [2025-06-10T05:17:50.376+0000] {dag.py:3954} INFO - Setting next_dagrun for example_bash_decorator to None, run_after=None
[2025-06-10T05:17:50.421+0000] {processor.py:183} INFO - Processing /home/airflow/.local/lib/python3.12/site-packages/airflow/example_dags/example_bash_decorator.py took 0.165 seconds
[2025-06-10T05:18:20.514+0000] {processor.py:161} INFO - Started process (PID=2837) to work on /home/airflow/.local/lib/python3.12/site-packages/airflow/example_dags/example_bash_decorator.py
[2025-06-10T05:18:20.516+0000] {processor.py:830} INFO - Processing file /home/airflow/.local/lib/python3.12/site-packages/airflow/example_dags/example_bash_decorator.py for tasks to queue
[2025-06-10T05:18:20.518+0000] {logging_mixin.py:188} INFO - [2025-06-10T05:18:20.518+0000] {dagbag.py:545} INFO - Filling up the DagBag from /home/airflow/.local/lib/python3.12/site-packages/airflow/example_dags/example_bash_decorator.py
[2025-06-10T05:18:20.532+0000] {processor.py:840} INFO - DAG(s) 'example_bash_decorator' retrieved from /home/airflow/.local/lib/python3.12/site-packages/airflow/example_dags/example_bash_decorator.py
[2025-06-10T05:18:20.565+0000] {logging_mixin.py:188} INFO - [2025-06-10T05:18:20.565+0000] {dag.py:3096} INFO - Sync 1 DAGs
[2025-06-10T05:18:20.580+0000] {logging_mixin.py:188} INFO - [2025-06-10T05:18:20.579+0000] {dag.py:3954} INFO - Setting next_dagrun for example_bash_decorator to None, run_after=None
[2025-06-10T05:18:20.608+0000] {processor.py:183} INFO - Processing /home/airflow/.local/lib/python3.12/site-packages/airflow/example_dags/example_bash_decorator.py took 0.101 seconds
[2025-06-10T05:18:50.965+0000] {processor.py:161} INFO - Started process (PID=2901) to work on /home/airflow/.local/lib/python3.12/site-packages/airflow/example_dags/example_bash_decorator.py
[2025-06-10T05:18:50.967+0000] {processor.py:830} INFO - Processing file /home/airflow/.local/lib/python3.12/site-packages/airflow/example_dags/example_bash_decorator.py for tasks to queue
[2025-06-10T05:18:50.971+0000] {logging_mixin.py:188} INFO - [2025-06-10T05:18:50.970+0000] {dagbag.py:545} INFO - Filling up the DagBag from /home/airflow/.local/lib/python3.12/site-packages/airflow/example_dags/example_bash_decorator.py
[2025-06-10T05:18:50.995+0000] {processor.py:840} INFO - DAG(s) 'example_bash_decorator' retrieved from /home/airflow/.local/lib/python3.12/site-packages/airflow/example_dags/example_bash_decorator.py
[2025-06-10T05:18:51.037+0000] {logging_mixin.py:188} INFO - [2025-06-10T05:18:51.037+0000] {dag.py:3096} INFO - Sync 1 DAGs
[2025-06-10T05:18:51.061+0000] {logging_mixin.py:188} INFO - [2025-06-10T05:18:51.061+0000] {dag.py:3954} INFO - Setting next_dagrun for example_bash_decorator to None, run_after=None
[2025-06-10T05:18:51.098+0000] {processor.py:183} INFO - Processing /home/airflow/.local/lib/python3.12/site-packages/airflow/example_dags/example_bash_decorator.py took 0.159 seconds
[2025-06-10T05:19:21.307+0000] {processor.py:161} INFO - Started process (PID=2964) to work on /home/airflow/.local/lib/python3.12/site-packages/airflow/example_dags/example_bash_decorator.py
[2025-06-10T05:19:21.310+0000] {processor.py:830} INFO - Processing file /home/airflow/.local/lib/python3.12/site-packages/airflow/example_dags/example_bash_decorator.py for tasks to queue
[2025-06-10T05:19:21.314+0000] {logging_mixin.py:188} INFO - [2025-06-10T05:19:21.314+0000] {dagbag.py:545} INFO - Filling up the DagBag from /home/airflow/.local/lib/python3.12/site-packages/airflow/example_dags/example_bash_decorator.py
[2025-06-10T05:19:21.336+0000] {processor.py:840} INFO - DAG(s) 'example_bash_decorator' retrieved from /home/airflow/.local/lib/python3.12/site-packages/airflow/example_dags/example_bash_decorator.py
[2025-06-10T05:19:21.365+0000] {logging_mixin.py:188} INFO - [2025-06-10T05:19:21.364+0000] {dag.py:3096} INFO - Sync 1 DAGs
[2025-06-10T05:19:21.387+0000] {logging_mixin.py:188} INFO - [2025-06-10T05:19:21.387+0000] {dag.py:3954} INFO - Setting next_dagrun for example_bash_decorator to None, run_after=None
[2025-06-10T05:19:21.418+0000] {processor.py:183} INFO - Processing /home/airflow/.local/lib/python3.12/site-packages/airflow/example_dags/example_bash_decorator.py took 0.131 seconds
[2025-06-10T05:19:51.686+0000] {processor.py:161} INFO - Started process (PID=3027) to work on /home/airflow/.local/lib/python3.12/site-packages/airflow/example_dags/example_bash_decorator.py
[2025-06-10T05:19:51.688+0000] {processor.py:830} INFO - Processing file /home/airflow/.local/lib/python3.12/site-packages/airflow/example_dags/example_bash_decorator.py for tasks to queue
[2025-06-10T05:19:51.692+0000] {logging_mixin.py:188} INFO - [2025-06-10T05:19:51.691+0000] {dagbag.py:545} INFO - Filling up the DagBag from /home/airflow/.local/lib/python3.12/site-packages/airflow/example_dags/example_bash_decorator.py
[2025-06-10T05:19:51.721+0000] {processor.py:840} INFO - DAG(s) 'example_bash_decorator' retrieved from /home/airflow/.local/lib/python3.12/site-packages/airflow/example_dags/example_bash_decorator.py
[2025-06-10T05:19:51.752+0000] {logging_mixin.py:188} INFO - [2025-06-10T05:19:51.751+0000] {dag.py:3096} INFO - Sync 1 DAGs
[2025-06-10T05:19:51.768+0000] {logging_mixin.py:188} INFO - [2025-06-10T05:19:51.768+0000] {dag.py:3954} INFO - Setting next_dagrun for example_bash_decorator to None, run_after=None
[2025-06-10T05:19:51.800+0000] {processor.py:183} INFO - Processing /home/airflow/.local/lib/python3.12/site-packages/airflow/example_dags/example_bash_decorator.py took 0.133 seconds
[2025-06-10T05:20:22.306+0000] {processor.py:161} INFO - Started process (PID=3090) to work on /home/airflow/.local/lib/python3.12/site-packages/airflow/example_dags/example_bash_decorator.py
[2025-06-10T05:20:22.312+0000] {processor.py:830} INFO - Processing file /home/airflow/.local/lib/python3.12/site-packages/airflow/example_dags/example_bash_decorator.py for tasks to queue
[2025-06-10T05:20:22.316+0000] {logging_mixin.py:188} INFO - [2025-06-10T05:20:22.316+0000] {dagbag.py:545} INFO - Filling up the DagBag from /home/airflow/.local/lib/python3.12/site-packages/airflow/example_dags/example_bash_decorator.py
[2025-06-10T05:20:22.343+0000] {processor.py:840} INFO - DAG(s) 'example_bash_decorator' retrieved from /home/airflow/.local/lib/python3.12/site-packages/airflow/example_dags/example_bash_decorator.py
[2025-06-10T05:20:22.415+0000] {logging_mixin.py:188} INFO - [2025-06-10T05:20:22.412+0000] {dag.py:3096} INFO - Sync 1 DAGs
[2025-06-10T05:20:22.446+0000] {logging_mixin.py:188} INFO - [2025-06-10T05:20:22.445+0000] {dag.py:3954} INFO - Setting next_dagrun for example_bash_decorator to None, run_after=None
[2025-06-10T05:20:22.488+0000] {processor.py:183} INFO - Processing /home/airflow/.local/lib/python3.12/site-packages/airflow/example_dags/example_bash_decorator.py took 0.211 seconds
[2025-06-10T05:20:53.045+0000] {processor.py:161} INFO - Started process (PID=3152) to work on /home/airflow/.local/lib/python3.12/site-packages/airflow/example_dags/example_bash_decorator.py
[2025-06-10T05:20:53.047+0000] {processor.py:830} INFO - Processing file /home/airflow/.local/lib/python3.12/site-packages/airflow/example_dags/example_bash_decorator.py for tasks to queue
[2025-06-10T05:20:53.051+0000] {logging_mixin.py:188} INFO - [2025-06-10T05:20:53.051+0000] {dagbag.py:545} INFO - Filling up the DagBag from /home/airflow/.local/lib/python3.12/site-packages/airflow/example_dags/example_bash_decorator.py
[2025-06-10T05:20:53.083+0000] {processor.py:840} INFO - DAG(s) 'example_bash_decorator' retrieved from /home/airflow/.local/lib/python3.12/site-packages/airflow/example_dags/example_bash_decorator.py
[2025-06-10T05:20:53.132+0000] {logging_mixin.py:188} INFO - [2025-06-10T05:20:53.132+0000] {dag.py:3096} INFO - Sync 1 DAGs
[2025-06-10T05:20:53.165+0000] {logging_mixin.py:188} INFO - [2025-06-10T05:20:53.163+0000] {dag.py:3954} INFO - Setting next_dagrun for example_bash_decorator to None, run_after=None
[2025-06-10T05:20:53.219+0000] {processor.py:183} INFO - Processing /home/airflow/.local/lib/python3.12/site-packages/airflow/example_dags/example_bash_decorator.py took 0.200 seconds
[2025-06-10T05:21:23.999+0000] {processor.py:161} INFO - Started process (PID=3215) to work on /home/airflow/.local/lib/python3.12/site-packages/airflow/example_dags/example_bash_decorator.py
[2025-06-10T05:21:24.000+0000] {processor.py:830} INFO - Processing file /home/airflow/.local/lib/python3.12/site-packages/airflow/example_dags/example_bash_decorator.py for tasks to queue
[2025-06-10T05:21:24.004+0000] {logging_mixin.py:188} INFO - [2025-06-10T05:21:24.004+0000] {dagbag.py:545} INFO - Filling up the DagBag from /home/airflow/.local/lib/python3.12/site-packages/airflow/example_dags/example_bash_decorator.py
[2025-06-10T05:21:24.039+0000] {processor.py:840} INFO - DAG(s) 'example_bash_decorator' retrieved from /home/airflow/.local/lib/python3.12/site-packages/airflow/example_dags/example_bash_decorator.py
[2025-06-10T05:21:24.109+0000] {logging_mixin.py:188} INFO - [2025-06-10T05:21:24.109+0000] {dag.py:3096} INFO - Sync 1 DAGs
[2025-06-10T05:21:24.142+0000] {logging_mixin.py:188} INFO - [2025-06-10T05:21:24.141+0000] {dag.py:3954} INFO - Setting next_dagrun for example_bash_decorator to None, run_after=None
[2025-06-10T05:21:24.195+0000] {processor.py:183} INFO - Processing /home/airflow/.local/lib/python3.12/site-packages/airflow/example_dags/example_bash_decorator.py took 0.217 seconds
[2025-06-10T05:21:54.363+0000] {processor.py:161} INFO - Started process (PID=3278) to work on /home/airflow/.local/lib/python3.12/site-packages/airflow/example_dags/example_bash_decorator.py
[2025-06-10T05:21:54.366+0000] {processor.py:830} INFO - Processing file /home/airflow/.local/lib/python3.12/site-packages/airflow/example_dags/example_bash_decorator.py for tasks to queue
[2025-06-10T05:21:54.373+0000] {logging_mixin.py:188} INFO - [2025-06-10T05:21:54.372+0000] {dagbag.py:545} INFO - Filling up the DagBag from /home/airflow/.local/lib/python3.12/site-packages/airflow/example_dags/example_bash_decorator.py
[2025-06-10T05:21:54.391+0000] {processor.py:840} INFO - DAG(s) 'example_bash_decorator' retrieved from /home/airflow/.local/lib/python3.12/site-packages/airflow/example_dags/example_bash_decorator.py
[2025-06-10T05:21:54.421+0000] {logging_mixin.py:188} INFO - [2025-06-10T05:21:54.421+0000] {dag.py:3096} INFO - Sync 1 DAGs
[2025-06-10T05:21:54.439+0000] {logging_mixin.py:188} INFO - [2025-06-10T05:21:54.438+0000] {dag.py:3954} INFO - Setting next_dagrun for example_bash_decorator to None, run_after=None
[2025-06-10T05:21:54.479+0000] {processor.py:183} INFO - Processing /home/airflow/.local/lib/python3.12/site-packages/airflow/example_dags/example_bash_decorator.py took 0.133 seconds
[2025-06-10T05:22:24.561+0000] {processor.py:161} INFO - Started process (PID=3340) to work on /home/airflow/.local/lib/python3.12/site-packages/airflow/example_dags/example_bash_decorator.py
[2025-06-10T05:22:24.564+0000] {processor.py:830} INFO - Processing file /home/airflow/.local/lib/python3.12/site-packages/airflow/example_dags/example_bash_decorator.py for tasks to queue
[2025-06-10T05:22:24.567+0000] {logging_mixin.py:188} INFO - [2025-06-10T05:22:24.567+0000] {dagbag.py:545} INFO - Filling up the DagBag from /home/airflow/.local/lib/python3.12/site-packages/airflow/example_dags/example_bash_decorator.py
[2025-06-10T05:22:24.594+0000] {processor.py:840} INFO - DAG(s) 'example_bash_decorator' retrieved from /home/airflow/.local/lib/python3.12/site-packages/airflow/example_dags/example_bash_decorator.py
[2025-06-10T05:22:24.625+0000] {logging_mixin.py:188} INFO - [2025-06-10T05:22:24.625+0000] {dag.py:3096} INFO - Sync 1 DAGs
[2025-06-10T05:22:24.640+0000] {logging_mixin.py:188} INFO - [2025-06-10T05:22:24.640+0000] {dag.py:3954} INFO - Setting next_dagrun for example_bash_decorator to None, run_after=None
[2025-06-10T05:22:24.668+0000] {processor.py:183} INFO - Processing /home/airflow/.local/lib/python3.12/site-packages/airflow/example_dags/example_bash_decorator.py took 0.118 seconds
[2025-06-10T05:22:54.942+0000] {processor.py:161} INFO - Started process (PID=3404) to work on /home/airflow/.local/lib/python3.12/site-packages/airflow/example_dags/example_bash_decorator.py
[2025-06-10T05:22:54.943+0000] {processor.py:830} INFO - Processing file /home/airflow/.local/lib/python3.12/site-packages/airflow/example_dags/example_bash_decorator.py for tasks to queue
[2025-06-10T05:22:54.947+0000] {logging_mixin.py:188} INFO - [2025-06-10T05:22:54.947+0000] {dagbag.py:545} INFO - Filling up the DagBag from /home/airflow/.local/lib/python3.12/site-packages/airflow/example_dags/example_bash_decorator.py
[2025-06-10T05:22:54.965+0000] {processor.py:840} INFO - DAG(s) 'example_bash_decorator' retrieved from /home/airflow/.local/lib/python3.12/site-packages/airflow/example_dags/example_bash_decorator.py
[2025-06-10T05:22:54.997+0000] {logging_mixin.py:188} INFO - [2025-06-10T05:22:54.997+0000] {dag.py:3096} INFO - Sync 1 DAGs
[2025-06-10T05:22:55.014+0000] {logging_mixin.py:188} INFO - [2025-06-10T05:22:55.014+0000] {dag.py:3954} INFO - Setting next_dagrun for example_bash_decorator to None, run_after=None
[2025-06-10T05:22:55.042+0000] {processor.py:183} INFO - Processing /home/airflow/.local/lib/python3.12/site-packages/airflow/example_dags/example_bash_decorator.py took 0.118 seconds
[2025-06-10T05:23:25.205+0000] {processor.py:161} INFO - Started process (PID=3467) to work on /home/airflow/.local/lib/python3.12/site-packages/airflow/example_dags/example_bash_decorator.py
[2025-06-10T05:23:25.207+0000] {processor.py:830} INFO - Processing file /home/airflow/.local/lib/python3.12/site-packages/airflow/example_dags/example_bash_decorator.py for tasks to queue
[2025-06-10T05:23:25.212+0000] {logging_mixin.py:188} INFO - [2025-06-10T05:23:25.212+0000] {dagbag.py:545} INFO - Filling up the DagBag from /home/airflow/.local/lib/python3.12/site-packages/airflow/example_dags/example_bash_decorator.py
[2025-06-10T05:23:25.228+0000] {processor.py:840} INFO - DAG(s) 'example_bash_decorator' retrieved from /home/airflow/.local/lib/python3.12/site-packages/airflow/example_dags/example_bash_decorator.py
[2025-06-10T05:23:25.255+0000] {logging_mixin.py:188} INFO - [2025-06-10T05:23:25.255+0000] {dag.py:3096} INFO - Sync 1 DAGs
[2025-06-10T05:23:25.271+0000] {logging_mixin.py:188} INFO - [2025-06-10T05:23:25.271+0000] {dag.py:3954} INFO - Setting next_dagrun for example_bash_decorator to None, run_after=None
[2025-06-10T05:23:25.304+0000] {processor.py:183} INFO - Processing /home/airflow/.local/lib/python3.12/site-packages/airflow/example_dags/example_bash_decorator.py took 0.116 seconds
[2025-06-10T05:23:55.537+0000] {processor.py:161} INFO - Started process (PID=3530) to work on /home/airflow/.local/lib/python3.12/site-packages/airflow/example_dags/example_bash_decorator.py
[2025-06-10T05:23:55.544+0000] {processor.py:830} INFO - Processing file /home/airflow/.local/lib/python3.12/site-packages/airflow/example_dags/example_bash_decorator.py for tasks to queue
[2025-06-10T05:23:55.548+0000] {logging_mixin.py:188} INFO - [2025-06-10T05:23:55.547+0000] {dagbag.py:545} INFO - Filling up the DagBag from /home/airflow/.local/lib/python3.12/site-packages/airflow/example_dags/example_bash_decorator.py
[2025-06-10T05:23:55.571+0000] {processor.py:840} INFO - DAG(s) 'example_bash_decorator' retrieved from /home/airflow/.local/lib/python3.12/site-packages/airflow/example_dags/example_bash_decorator.py
[2025-06-10T05:23:55.616+0000] {logging_mixin.py:188} INFO - [2025-06-10T05:23:55.616+0000] {dag.py:3096} INFO - Sync 1 DAGs
[2025-06-10T05:23:55.635+0000] {logging_mixin.py:188} INFO - [2025-06-10T05:23:55.635+0000] {dag.py:3954} INFO - Setting next_dagrun for example_bash_decorator to None, run_after=None
[2025-06-10T05:23:55.699+0000] {processor.py:183} INFO - Processing /home/airflow/.local/lib/python3.12/site-packages/airflow/example_dags/example_bash_decorator.py took 0.169 seconds
[2025-06-10T05:24:26.389+0000] {processor.py:161} INFO - Started process (PID=3592) to work on /home/airflow/.local/lib/python3.12/site-packages/airflow/example_dags/example_bash_decorator.py
[2025-06-10T05:24:26.390+0000] {processor.py:830} INFO - Processing file /home/airflow/.local/lib/python3.12/site-packages/airflow/example_dags/example_bash_decorator.py for tasks to queue
[2025-06-10T05:24:26.393+0000] {logging_mixin.py:188} INFO - [2025-06-10T05:24:26.392+0000] {dagbag.py:545} INFO - Filling up the DagBag from /home/airflow/.local/lib/python3.12/site-packages/airflow/example_dags/example_bash_decorator.py
[2025-06-10T05:24:26.410+0000] {processor.py:840} INFO - DAG(s) 'example_bash_decorator' retrieved from /home/airflow/.local/lib/python3.12/site-packages/airflow/example_dags/example_bash_decorator.py
[2025-06-10T05:24:26.447+0000] {logging_mixin.py:188} INFO - [2025-06-10T05:24:26.446+0000] {dag.py:3096} INFO - Sync 1 DAGs
[2025-06-10T05:24:26.471+0000] {logging_mixin.py:188} INFO - [2025-06-10T05:24:26.471+0000] {dag.py:3954} INFO - Setting next_dagrun for example_bash_decorator to None, run_after=None
[2025-06-10T05:24:26.509+0000] {processor.py:183} INFO - Processing /home/airflow/.local/lib/python3.12/site-packages/airflow/example_dags/example_bash_decorator.py took 0.132 seconds
[2025-06-10T05:24:56.748+0000] {processor.py:161} INFO - Started process (PID=3655) to work on /home/airflow/.local/lib/python3.12/site-packages/airflow/example_dags/example_bash_decorator.py
[2025-06-10T05:24:56.752+0000] {processor.py:830} INFO - Processing file /home/airflow/.local/lib/python3.12/site-packages/airflow/example_dags/example_bash_decorator.py for tasks to queue
[2025-06-10T05:24:56.756+0000] {logging_mixin.py:188} INFO - [2025-06-10T05:24:56.756+0000] {dagbag.py:545} INFO - Filling up the DagBag from /home/airflow/.local/lib/python3.12/site-packages/airflow/example_dags/example_bash_decorator.py
[2025-06-10T05:24:56.780+0000] {processor.py:840} INFO - DAG(s) 'example_bash_decorator' retrieved from /home/airflow/.local/lib/python3.12/site-packages/airflow/example_dags/example_bash_decorator.py
[2025-06-10T05:24:56.806+0000] {logging_mixin.py:188} INFO - [2025-06-10T05:24:56.805+0000] {dag.py:3096} INFO - Sync 1 DAGs
[2025-06-10T05:24:56.823+0000] {logging_mixin.py:188} INFO - [2025-06-10T05:24:56.822+0000] {dag.py:3954} INFO - Setting next_dagrun for example_bash_decorator to None, run_after=None
[2025-06-10T05:24:56.849+0000] {processor.py:183} INFO - Processing /home/airflow/.local/lib/python3.12/site-packages/airflow/example_dags/example_bash_decorator.py took 0.109 seconds
[2025-06-10T05:25:27.226+0000] {processor.py:161} INFO - Started process (PID=3718) to work on /home/airflow/.local/lib/python3.12/site-packages/airflow/example_dags/example_bash_decorator.py
[2025-06-10T05:25:27.232+0000] {processor.py:830} INFO - Processing file /home/airflow/.local/lib/python3.12/site-packages/airflow/example_dags/example_bash_decorator.py for tasks to queue
[2025-06-10T05:25:27.234+0000] {logging_mixin.py:188} INFO - [2025-06-10T05:25:27.234+0000] {dagbag.py:545} INFO - Filling up the DagBag from /home/airflow/.local/lib/python3.12/site-packages/airflow/example_dags/example_bash_decorator.py
[2025-06-10T05:25:27.260+0000] {processor.py:840} INFO - DAG(s) 'example_bash_decorator' retrieved from /home/airflow/.local/lib/python3.12/site-packages/airflow/example_dags/example_bash_decorator.py
[2025-06-10T05:25:27.332+0000] {logging_mixin.py:188} INFO - [2025-06-10T05:25:27.332+0000] {dag.py:3096} INFO - Sync 1 DAGs
[2025-06-10T05:25:27.371+0000] {logging_mixin.py:188} INFO - [2025-06-10T05:25:27.371+0000] {dag.py:3954} INFO - Setting next_dagrun for example_bash_decorator to None, run_after=None
[2025-06-10T05:25:27.428+0000] {processor.py:183} INFO - Processing /home/airflow/.local/lib/python3.12/site-packages/airflow/example_dags/example_bash_decorator.py took 0.227 seconds
[2025-06-10T05:25:57.550+0000] {processor.py:161} INFO - Started process (PID=3781) to work on /home/airflow/.local/lib/python3.12/site-packages/airflow/example_dags/example_bash_decorator.py
[2025-06-10T05:25:57.552+0000] {processor.py:830} INFO - Processing file /home/airflow/.local/lib/python3.12/site-packages/airflow/example_dags/example_bash_decorator.py for tasks to queue
[2025-06-10T05:25:57.556+0000] {logging_mixin.py:188} INFO - [2025-06-10T05:25:57.555+0000] {dagbag.py:545} INFO - Filling up the DagBag from /home/airflow/.local/lib/python3.12/site-packages/airflow/example_dags/example_bash_decorator.py
[2025-06-10T05:25:57.574+0000] {processor.py:840} INFO - DAG(s) 'example_bash_decorator' retrieved from /home/airflow/.local/lib/python3.12/site-packages/airflow/example_dags/example_bash_decorator.py
[2025-06-10T05:25:57.611+0000] {logging_mixin.py:188} INFO - [2025-06-10T05:25:57.611+0000] {dag.py:3096} INFO - Sync 1 DAGs
[2025-06-10T05:25:57.640+0000] {logging_mixin.py:188} INFO - [2025-06-10T05:25:57.640+0000] {dag.py:3954} INFO - Setting next_dagrun for example_bash_decorator to None, run_after=None
[2025-06-10T05:25:57.684+0000] {processor.py:183} INFO - Processing /home/airflow/.local/lib/python3.12/site-packages/airflow/example_dags/example_bash_decorator.py took 0.150 seconds
[2025-06-10T05:26:27.997+0000] {processor.py:161} INFO - Started process (PID=3843) to work on /home/airflow/.local/lib/python3.12/site-packages/airflow/example_dags/example_bash_decorator.py
[2025-06-10T05:26:28.000+0000] {processor.py:830} INFO - Processing file /home/airflow/.local/lib/python3.12/site-packages/airflow/example_dags/example_bash_decorator.py for tasks to queue
[2025-06-10T05:26:28.002+0000] {logging_mixin.py:188} INFO - [2025-06-10T05:26:28.002+0000] {dagbag.py:545} INFO - Filling up the DagBag from /home/airflow/.local/lib/python3.12/site-packages/airflow/example_dags/example_bash_decorator.py
[2025-06-10T05:26:28.017+0000] {processor.py:840} INFO - DAG(s) 'example_bash_decorator' retrieved from /home/airflow/.local/lib/python3.12/site-packages/airflow/example_dags/example_bash_decorator.py
[2025-06-10T05:26:28.044+0000] {logging_mixin.py:188} INFO - [2025-06-10T05:26:28.044+0000] {dag.py:3096} INFO - Sync 1 DAGs
[2025-06-10T05:26:28.058+0000] {logging_mixin.py:188} INFO - [2025-06-10T05:26:28.057+0000] {dag.py:3954} INFO - Setting next_dagrun for example_bash_decorator to None, run_after=None
[2025-06-10T05:26:28.093+0000] {processor.py:183} INFO - Processing /home/airflow/.local/lib/python3.12/site-packages/airflow/example_dags/example_bash_decorator.py took 0.102 seconds
[2025-06-10T05:26:58.588+0000] {processor.py:161} INFO - Started process (PID=3905) to work on /home/airflow/.local/lib/python3.12/site-packages/airflow/example_dags/example_bash_decorator.py
[2025-06-10T05:26:58.590+0000] {processor.py:830} INFO - Processing file /home/airflow/.local/lib/python3.12/site-packages/airflow/example_dags/example_bash_decorator.py for tasks to queue
[2025-06-10T05:26:58.593+0000] {logging_mixin.py:188} INFO - [2025-06-10T05:26:58.592+0000] {dagbag.py:545} INFO - Filling up the DagBag from /home/airflow/.local/lib/python3.12/site-packages/airflow/example_dags/example_bash_decorator.py
[2025-06-10T05:26:58.610+0000] {processor.py:840} INFO - DAG(s) 'example_bash_decorator' retrieved from /home/airflow/.local/lib/python3.12/site-packages/airflow/example_dags/example_bash_decorator.py
[2025-06-10T05:26:58.647+0000] {logging_mixin.py:188} INFO - [2025-06-10T05:26:58.647+0000] {dag.py:3096} INFO - Sync 1 DAGs
[2025-06-10T05:26:58.664+0000] {logging_mixin.py:188} INFO - [2025-06-10T05:26:58.664+0000] {dag.py:3954} INFO - Setting next_dagrun for example_bash_decorator to None, run_after=None
[2025-06-10T05:26:58.695+0000] {processor.py:183} INFO - Processing /home/airflow/.local/lib/python3.12/site-packages/airflow/example_dags/example_bash_decorator.py took 0.122 seconds
[2025-06-10T05:27:29.729+0000] {processor.py:161} INFO - Started process (PID=3968) to work on /home/airflow/.local/lib/python3.12/site-packages/airflow/example_dags/example_bash_decorator.py
[2025-06-10T05:27:29.731+0000] {processor.py:830} INFO - Processing file /home/airflow/.local/lib/python3.12/site-packages/airflow/example_dags/example_bash_decorator.py for tasks to queue
[2025-06-10T05:27:29.733+0000] {logging_mixin.py:188} INFO - [2025-06-10T05:27:29.733+0000] {dagbag.py:545} INFO - Filling up the DagBag from /home/airflow/.local/lib/python3.12/site-packages/airflow/example_dags/example_bash_decorator.py
[2025-06-10T05:27:29.754+0000] {processor.py:840} INFO - DAG(s) 'example_bash_decorator' retrieved from /home/airflow/.local/lib/python3.12/site-packages/airflow/example_dags/example_bash_decorator.py
[2025-06-10T05:27:29.801+0000] {logging_mixin.py:188} INFO - [2025-06-10T05:27:29.801+0000] {dag.py:3096} INFO - Sync 1 DAGs
[2025-06-10T05:27:29.816+0000] {logging_mixin.py:188} INFO - [2025-06-10T05:27:29.815+0000] {dag.py:3954} INFO - Setting next_dagrun for example_bash_decorator to None, run_after=None
[2025-06-10T05:27:29.844+0000] {processor.py:183} INFO - Processing /home/airflow/.local/lib/python3.12/site-packages/airflow/example_dags/example_bash_decorator.py took 0.123 seconds
[2025-06-10T05:28:00.620+0000] {processor.py:161} INFO - Started process (PID=4032) to work on /home/airflow/.local/lib/python3.12/site-packages/airflow/example_dags/example_bash_decorator.py
[2025-06-10T05:28:00.622+0000] {processor.py:830} INFO - Processing file /home/airflow/.local/lib/python3.12/site-packages/airflow/example_dags/example_bash_decorator.py for tasks to queue
[2025-06-10T05:28:00.626+0000] {logging_mixin.py:188} INFO - [2025-06-10T05:28:00.625+0000] {dagbag.py:545} INFO - Filling up the DagBag from /home/airflow/.local/lib/python3.12/site-packages/airflow/example_dags/example_bash_decorator.py
[2025-06-10T05:28:00.651+0000] {processor.py:840} INFO - DAG(s) 'example_bash_decorator' retrieved from /home/airflow/.local/lib/python3.12/site-packages/airflow/example_dags/example_bash_decorator.py
[2025-06-10T05:28:00.704+0000] {logging_mixin.py:188} INFO - [2025-06-10T05:28:00.703+0000] {dag.py:3096} INFO - Sync 1 DAGs
[2025-06-10T05:28:00.728+0000] {logging_mixin.py:188} INFO - [2025-06-10T05:28:00.727+0000] {dag.py:3954} INFO - Setting next_dagrun for example_bash_decorator to None, run_after=None
[2025-06-10T05:28:00.842+0000] {processor.py:183} INFO - Processing /home/airflow/.local/lib/python3.12/site-packages/airflow/example_dags/example_bash_decorator.py took 0.236 seconds
[2025-06-10T05:28:31.035+0000] {processor.py:161} INFO - Started process (PID=4095) to work on /home/airflow/.local/lib/python3.12/site-packages/airflow/example_dags/example_bash_decorator.py
[2025-06-10T05:28:31.037+0000] {processor.py:830} INFO - Processing file /home/airflow/.local/lib/python3.12/site-packages/airflow/example_dags/example_bash_decorator.py for tasks to queue
[2025-06-10T05:28:31.039+0000] {logging_mixin.py:188} INFO - [2025-06-10T05:28:31.039+0000] {dagbag.py:545} INFO - Filling up the DagBag from /home/airflow/.local/lib/python3.12/site-packages/airflow/example_dags/example_bash_decorator.py
[2025-06-10T05:28:31.057+0000] {processor.py:840} INFO - DAG(s) 'example_bash_decorator' retrieved from /home/airflow/.local/lib/python3.12/site-packages/airflow/example_dags/example_bash_decorator.py
[2025-06-10T05:28:31.084+0000] {logging_mixin.py:188} INFO - [2025-06-10T05:28:31.084+0000] {dag.py:3096} INFO - Sync 1 DAGs
[2025-06-10T05:28:31.099+0000] {logging_mixin.py:188} INFO - [2025-06-10T05:28:31.099+0000] {dag.py:3954} INFO - Setting next_dagrun for example_bash_decorator to None, run_after=None
[2025-06-10T05:28:31.135+0000] {processor.py:183} INFO - Processing /home/airflow/.local/lib/python3.12/site-packages/airflow/example_dags/example_bash_decorator.py took 0.107 seconds
[2025-06-10T05:29:01.609+0000] {processor.py:161} INFO - Started process (PID=4159) to work on /home/airflow/.local/lib/python3.12/site-packages/airflow/example_dags/example_bash_decorator.py
[2025-06-10T05:29:01.610+0000] {processor.py:830} INFO - Processing file /home/airflow/.local/lib/python3.12/site-packages/airflow/example_dags/example_bash_decorator.py for tasks to queue
[2025-06-10T05:29:01.614+0000] {logging_mixin.py:188} INFO - [2025-06-10T05:29:01.614+0000] {dagbag.py:545} INFO - Filling up the DagBag from /home/airflow/.local/lib/python3.12/site-packages/airflow/example_dags/example_bash_decorator.py
[2025-06-10T05:29:01.644+0000] {processor.py:840} INFO - DAG(s) 'example_bash_decorator' retrieved from /home/airflow/.local/lib/python3.12/site-packages/airflow/example_dags/example_bash_decorator.py
[2025-06-10T05:29:01.723+0000] {logging_mixin.py:188} INFO - [2025-06-10T05:29:01.722+0000] {dag.py:3096} INFO - Sync 1 DAGs
[2025-06-10T05:29:01.758+0000] {logging_mixin.py:188} INFO - [2025-06-10T05:29:01.758+0000] {dag.py:3954} INFO - Setting next_dagrun for example_bash_decorator to None, run_after=None
[2025-06-10T05:29:01.806+0000] {processor.py:183} INFO - Processing /home/airflow/.local/lib/python3.12/site-packages/airflow/example_dags/example_bash_decorator.py took 0.212 seconds
[2025-06-10T05:29:32.651+0000] {processor.py:161} INFO - Started process (PID=4222) to work on /home/airflow/.local/lib/python3.12/site-packages/airflow/example_dags/example_bash_decorator.py
[2025-06-10T05:29:32.653+0000] {processor.py:830} INFO - Processing file /home/airflow/.local/lib/python3.12/site-packages/airflow/example_dags/example_bash_decorator.py for tasks to queue
[2025-06-10T05:29:32.656+0000] {logging_mixin.py:188} INFO - [2025-06-10T05:29:32.655+0000] {dagbag.py:545} INFO - Filling up the DagBag from /home/airflow/.local/lib/python3.12/site-packages/airflow/example_dags/example_bash_decorator.py
[2025-06-10T05:29:32.678+0000] {processor.py:840} INFO - DAG(s) 'example_bash_decorator' retrieved from /home/airflow/.local/lib/python3.12/site-packages/airflow/example_dags/example_bash_decorator.py
[2025-06-10T05:29:32.707+0000] {logging_mixin.py:188} INFO - [2025-06-10T05:29:32.707+0000] {dag.py:3096} INFO - Sync 1 DAGs
[2025-06-10T05:29:32.731+0000] {logging_mixin.py:188} INFO - [2025-06-10T05:29:32.731+0000] {dag.py:3954} INFO - Setting next_dagrun for example_bash_decorator to None, run_after=None
[2025-06-10T05:29:32.765+0000] {processor.py:183} INFO - Processing /home/airflow/.local/lib/python3.12/site-packages/airflow/example_dags/example_bash_decorator.py took 0.122 seconds
[2025-06-10T05:30:02.798+0000] {processor.py:161} INFO - Started process (PID=4284) to work on /home/airflow/.local/lib/python3.12/site-packages/airflow/example_dags/example_bash_decorator.py
[2025-06-10T05:30:02.800+0000] {processor.py:830} INFO - Processing file /home/airflow/.local/lib/python3.12/site-packages/airflow/example_dags/example_bash_decorator.py for tasks to queue
[2025-06-10T05:30:02.802+0000] {logging_mixin.py:188} INFO - [2025-06-10T05:30:02.802+0000] {dagbag.py:545} INFO - Filling up the DagBag from /home/airflow/.local/lib/python3.12/site-packages/airflow/example_dags/example_bash_decorator.py
[2025-06-10T05:30:02.817+0000] {processor.py:840} INFO - DAG(s) 'example_bash_decorator' retrieved from /home/airflow/.local/lib/python3.12/site-packages/airflow/example_dags/example_bash_decorator.py
[2025-06-10T05:30:02.846+0000] {logging_mixin.py:188} INFO - [2025-06-10T05:30:02.846+0000] {dag.py:3096} INFO - Sync 1 DAGs
[2025-06-10T05:30:02.864+0000] {logging_mixin.py:188} INFO - [2025-06-10T05:30:02.863+0000] {dag.py:3954} INFO - Setting next_dagrun for example_bash_decorator to None, run_after=None
[2025-06-10T05:30:02.899+0000] {processor.py:183} INFO - Processing /home/airflow/.local/lib/python3.12/site-packages/airflow/example_dags/example_bash_decorator.py took 0.110 seconds
[2025-06-10T05:30:33.269+0000] {processor.py:161} INFO - Started process (PID=4348) to work on /home/airflow/.local/lib/python3.12/site-packages/airflow/example_dags/example_bash_decorator.py
[2025-06-10T05:30:33.285+0000] {processor.py:830} INFO - Processing file /home/airflow/.local/lib/python3.12/site-packages/airflow/example_dags/example_bash_decorator.py for tasks to queue
[2025-06-10T05:30:33.289+0000] {logging_mixin.py:188} INFO - [2025-06-10T05:30:33.289+0000] {dagbag.py:545} INFO - Filling up the DagBag from /home/airflow/.local/lib/python3.12/site-packages/airflow/example_dags/example_bash_decorator.py
[2025-06-10T05:30:33.307+0000] {processor.py:840} INFO - DAG(s) 'example_bash_decorator' retrieved from /home/airflow/.local/lib/python3.12/site-packages/airflow/example_dags/example_bash_decorator.py
[2025-06-10T05:30:33.336+0000] {logging_mixin.py:188} INFO - [2025-06-10T05:30:33.336+0000] {dag.py:3096} INFO - Sync 1 DAGs
[2025-06-10T05:30:33.353+0000] {logging_mixin.py:188} INFO - [2025-06-10T05:30:33.352+0000] {dag.py:3954} INFO - Setting next_dagrun for example_bash_decorator to None, run_after=None
[2025-06-10T05:30:33.427+0000] {processor.py:183} INFO - Processing /home/airflow/.local/lib/python3.12/site-packages/airflow/example_dags/example_bash_decorator.py took 0.167 seconds
[2025-06-10T05:31:03.907+0000] {processor.py:161} INFO - Started process (PID=4411) to work on /home/airflow/.local/lib/python3.12/site-packages/airflow/example_dags/example_bash_decorator.py
[2025-06-10T05:31:03.908+0000] {processor.py:830} INFO - Processing file /home/airflow/.local/lib/python3.12/site-packages/airflow/example_dags/example_bash_decorator.py for tasks to queue
[2025-06-10T05:31:03.910+0000] {logging_mixin.py:188} INFO - [2025-06-10T05:31:03.910+0000] {dagbag.py:545} INFO - Filling up the DagBag from /home/airflow/.local/lib/python3.12/site-packages/airflow/example_dags/example_bash_decorator.py
[2025-06-10T05:31:03.928+0000] {processor.py:840} INFO - DAG(s) 'example_bash_decorator' retrieved from /home/airflow/.local/lib/python3.12/site-packages/airflow/example_dags/example_bash_decorator.py
[2025-06-10T05:31:03.969+0000] {logging_mixin.py:188} INFO - [2025-06-10T05:31:03.968+0000] {dag.py:3096} INFO - Sync 1 DAGs
[2025-06-10T05:31:03.986+0000] {logging_mixin.py:188} INFO - [2025-06-10T05:31:03.986+0000] {dag.py:3954} INFO - Setting next_dagrun for example_bash_decorator to None, run_after=None
[2025-06-10T05:31:04.013+0000] {processor.py:183} INFO - Processing /home/airflow/.local/lib/python3.12/site-packages/airflow/example_dags/example_bash_decorator.py took 0.113 seconds
[2025-06-10T05:31:34.297+0000] {processor.py:161} INFO - Started process (PID=4474) to work on /home/airflow/.local/lib/python3.12/site-packages/airflow/example_dags/example_bash_decorator.py
[2025-06-10T05:31:34.302+0000] {processor.py:830} INFO - Processing file /home/airflow/.local/lib/python3.12/site-packages/airflow/example_dags/example_bash_decorator.py for tasks to queue
[2025-06-10T05:31:34.307+0000] {logging_mixin.py:188} INFO - [2025-06-10T05:31:34.306+0000] {dagbag.py:545} INFO - Filling up the DagBag from /home/airflow/.local/lib/python3.12/site-packages/airflow/example_dags/example_bash_decorator.py
[2025-06-10T05:31:34.334+0000] {processor.py:840} INFO - DAG(s) 'example_bash_decorator' retrieved from /home/airflow/.local/lib/python3.12/site-packages/airflow/example_dags/example_bash_decorator.py
[2025-06-10T05:31:34.411+0000] {logging_mixin.py:188} INFO - [2025-06-10T05:31:34.411+0000] {dag.py:3096} INFO - Sync 1 DAGs
[2025-06-10T05:31:34.443+0000] {logging_mixin.py:188} INFO - [2025-06-10T05:31:34.443+0000] {dag.py:3954} INFO - Setting next_dagrun for example_bash_decorator to None, run_after=None
[2025-06-10T05:31:34.508+0000] {processor.py:183} INFO - Processing /home/airflow/.local/lib/python3.12/site-packages/airflow/example_dags/example_bash_decorator.py took 0.228 seconds
[2025-06-10T05:32:05.162+0000] {processor.py:161} INFO - Started process (PID=4537) to work on /home/airflow/.local/lib/python3.12/site-packages/airflow/example_dags/example_bash_decorator.py
[2025-06-10T05:32:05.166+0000] {processor.py:830} INFO - Processing file /home/airflow/.local/lib/python3.12/site-packages/airflow/example_dags/example_bash_decorator.py for tasks to queue
[2025-06-10T05:32:05.171+0000] {logging_mixin.py:188} INFO - [2025-06-10T05:32:05.170+0000] {dagbag.py:545} INFO - Filling up the DagBag from /home/airflow/.local/lib/python3.12/site-packages/airflow/example_dags/example_bash_decorator.py
[2025-06-10T05:32:05.199+0000] {processor.py:840} INFO - DAG(s) 'example_bash_decorator' retrieved from /home/airflow/.local/lib/python3.12/site-packages/airflow/example_dags/example_bash_decorator.py
[2025-06-10T05:32:05.261+0000] {logging_mixin.py:188} INFO - [2025-06-10T05:32:05.261+0000] {dag.py:3096} INFO - Sync 1 DAGs
[2025-06-10T05:32:05.287+0000] {logging_mixin.py:188} INFO - [2025-06-10T05:32:05.285+0000] {dag.py:3954} INFO - Setting next_dagrun for example_bash_decorator to None, run_after=None
[2025-06-10T05:32:05.347+0000] {processor.py:183} INFO - Processing /home/airflow/.local/lib/python3.12/site-packages/airflow/example_dags/example_bash_decorator.py took 0.201 seconds
[2025-06-10T05:32:36.038+0000] {processor.py:161} INFO - Started process (PID=4600) to work on /home/airflow/.local/lib/python3.12/site-packages/airflow/example_dags/example_bash_decorator.py
[2025-06-10T05:32:36.039+0000] {processor.py:830} INFO - Processing file /home/airflow/.local/lib/python3.12/site-packages/airflow/example_dags/example_bash_decorator.py for tasks to queue
[2025-06-10T05:32:36.042+0000] {logging_mixin.py:188} INFO - [2025-06-10T05:32:36.041+0000] {dagbag.py:545} INFO - Filling up the DagBag from /home/airflow/.local/lib/python3.12/site-packages/airflow/example_dags/example_bash_decorator.py
[2025-06-10T05:32:36.057+0000] {processor.py:840} INFO - DAG(s) 'example_bash_decorator' retrieved from /home/airflow/.local/lib/python3.12/site-packages/airflow/example_dags/example_bash_decorator.py
[2025-06-10T05:32:36.090+0000] {logging_mixin.py:188} INFO - [2025-06-10T05:32:36.090+0000] {dag.py:3096} INFO - Sync 1 DAGs
[2025-06-10T05:32:36.106+0000] {logging_mixin.py:188} INFO - [2025-06-10T05:32:36.106+0000] {dag.py:3954} INFO - Setting next_dagrun for example_bash_decorator to None, run_after=None
[2025-06-10T05:32:36.143+0000] {processor.py:183} INFO - Processing /home/airflow/.local/lib/python3.12/site-packages/airflow/example_dags/example_bash_decorator.py took 0.113 seconds
[2025-06-10T05:33:06.990+0000] {processor.py:161} INFO - Started process (PID=4663) to work on /home/airflow/.local/lib/python3.12/site-packages/airflow/example_dags/example_bash_decorator.py
[2025-06-10T05:33:06.996+0000] {processor.py:830} INFO - Processing file /home/airflow/.local/lib/python3.12/site-packages/airflow/example_dags/example_bash_decorator.py for tasks to queue
[2025-06-10T05:33:06.999+0000] {logging_mixin.py:188} INFO - [2025-06-10T05:33:06.999+0000] {dagbag.py:545} INFO - Filling up the DagBag from /home/airflow/.local/lib/python3.12/site-packages/airflow/example_dags/example_bash_decorator.py
[2025-06-10T05:33:07.043+0000] {processor.py:840} INFO - DAG(s) 'example_bash_decorator' retrieved from /home/airflow/.local/lib/python3.12/site-packages/airflow/example_dags/example_bash_decorator.py
[2025-06-10T05:33:07.129+0000] {logging_mixin.py:188} INFO - [2025-06-10T05:33:07.129+0000] {dag.py:3096} INFO - Sync 1 DAGs
[2025-06-10T05:33:07.169+0000] {logging_mixin.py:188} INFO - [2025-06-10T05:33:07.168+0000] {dag.py:3954} INFO - Setting next_dagrun for example_bash_decorator to None, run_after=None
[2025-06-10T05:33:07.225+0000] {processor.py:183} INFO - Processing /home/airflow/.local/lib/python3.12/site-packages/airflow/example_dags/example_bash_decorator.py took 0.244 seconds
[2025-06-10T05:33:37.506+0000] {processor.py:161} INFO - Started process (PID=4726) to work on /home/airflow/.local/lib/python3.12/site-packages/airflow/example_dags/example_bash_decorator.py
[2025-06-10T05:33:37.507+0000] {processor.py:830} INFO - Processing file /home/airflow/.local/lib/python3.12/site-packages/airflow/example_dags/example_bash_decorator.py for tasks to queue
[2025-06-10T05:33:37.509+0000] {logging_mixin.py:188} INFO - [2025-06-10T05:33:37.509+0000] {dagbag.py:545} INFO - Filling up the DagBag from /home/airflow/.local/lib/python3.12/site-packages/airflow/example_dags/example_bash_decorator.py
[2025-06-10T05:33:37.526+0000] {processor.py:840} INFO - DAG(s) 'example_bash_decorator' retrieved from /home/airflow/.local/lib/python3.12/site-packages/airflow/example_dags/example_bash_decorator.py
[2025-06-10T05:33:37.550+0000] {logging_mixin.py:188} INFO - [2025-06-10T05:33:37.550+0000] {dag.py:3096} INFO - Sync 1 DAGs
[2025-06-10T05:33:37.567+0000] {logging_mixin.py:188} INFO - [2025-06-10T05:33:37.567+0000] {dag.py:3954} INFO - Setting next_dagrun for example_bash_decorator to None, run_after=None
[2025-06-10T05:33:37.613+0000] {processor.py:183} INFO - Processing /home/airflow/.local/lib/python3.12/site-packages/airflow/example_dags/example_bash_decorator.py took 0.115 seconds
[2025-06-10T05:34:08.421+0000] {processor.py:161} INFO - Started process (PID=4789) to work on /home/airflow/.local/lib/python3.12/site-packages/airflow/example_dags/example_bash_decorator.py
[2025-06-10T05:34:08.423+0000] {processor.py:830} INFO - Processing file /home/airflow/.local/lib/python3.12/site-packages/airflow/example_dags/example_bash_decorator.py for tasks to queue
[2025-06-10T05:34:08.426+0000] {logging_mixin.py:188} INFO - [2025-06-10T05:34:08.425+0000] {dagbag.py:545} INFO - Filling up the DagBag from /home/airflow/.local/lib/python3.12/site-packages/airflow/example_dags/example_bash_decorator.py
[2025-06-10T05:34:08.441+0000] {processor.py:840} INFO - DAG(s) 'example_bash_decorator' retrieved from /home/airflow/.local/lib/python3.12/site-packages/airflow/example_dags/example_bash_decorator.py
[2025-06-10T05:34:08.470+0000] {logging_mixin.py:188} INFO - [2025-06-10T05:34:08.469+0000] {dag.py:3096} INFO - Sync 1 DAGs
[2025-06-10T05:34:08.485+0000] {logging_mixin.py:188} INFO - [2025-06-10T05:34:08.485+0000] {dag.py:3954} INFO - Setting next_dagrun for example_bash_decorator to None, run_after=None
[2025-06-10T05:34:08.522+0000] {processor.py:183} INFO - Processing /home/airflow/.local/lib/python3.12/site-packages/airflow/example_dags/example_bash_decorator.py took 0.108 seconds
[2025-06-10T05:34:39.067+0000] {processor.py:161} INFO - Started process (PID=4858) to work on /home/airflow/.local/lib/python3.12/site-packages/airflow/example_dags/example_bash_decorator.py
[2025-06-10T05:34:39.068+0000] {processor.py:830} INFO - Processing file /home/airflow/.local/lib/python3.12/site-packages/airflow/example_dags/example_bash_decorator.py for tasks to queue
[2025-06-10T05:34:39.070+0000] {logging_mixin.py:188} INFO - [2025-06-10T05:34:39.070+0000] {dagbag.py:545} INFO - Filling up the DagBag from /home/airflow/.local/lib/python3.12/site-packages/airflow/example_dags/example_bash_decorator.py
[2025-06-10T05:34:39.089+0000] {processor.py:840} INFO - DAG(s) 'example_bash_decorator' retrieved from /home/airflow/.local/lib/python3.12/site-packages/airflow/example_dags/example_bash_decorator.py
[2025-06-10T05:34:39.130+0000] {logging_mixin.py:188} INFO - [2025-06-10T05:34:39.129+0000] {dag.py:3096} INFO - Sync 1 DAGs
[2025-06-10T05:34:39.144+0000] {logging_mixin.py:188} INFO - [2025-06-10T05:34:39.144+0000] {dag.py:3954} INFO - Setting next_dagrun for example_bash_decorator to None, run_after=None
[2025-06-10T05:34:39.176+0000] {processor.py:183} INFO - Processing /home/airflow/.local/lib/python3.12/site-packages/airflow/example_dags/example_bash_decorator.py took 0.119 seconds
[2025-06-10T05:35:09.797+0000] {processor.py:161} INFO - Started process (PID=4919) to work on /home/airflow/.local/lib/python3.12/site-packages/airflow/example_dags/example_bash_decorator.py
[2025-06-10T05:35:09.799+0000] {processor.py:830} INFO - Processing file /home/airflow/.local/lib/python3.12/site-packages/airflow/example_dags/example_bash_decorator.py for tasks to queue
[2025-06-10T05:35:09.802+0000] {logging_mixin.py:188} INFO - [2025-06-10T05:35:09.801+0000] {dagbag.py:545} INFO - Filling up the DagBag from /home/airflow/.local/lib/python3.12/site-packages/airflow/example_dags/example_bash_decorator.py
[2025-06-10T05:35:09.818+0000] {processor.py:840} INFO - DAG(s) 'example_bash_decorator' retrieved from /home/airflow/.local/lib/python3.12/site-packages/airflow/example_dags/example_bash_decorator.py
[2025-06-10T05:35:09.845+0000] {logging_mixin.py:188} INFO - [2025-06-10T05:35:09.845+0000] {dag.py:3096} INFO - Sync 1 DAGs
[2025-06-10T05:35:09.867+0000] {logging_mixin.py:188} INFO - [2025-06-10T05:35:09.866+0000] {dag.py:3954} INFO - Setting next_dagrun for example_bash_decorator to None, run_after=None
[2025-06-10T05:35:09.907+0000] {processor.py:183} INFO - Processing /home/airflow/.local/lib/python3.12/site-packages/airflow/example_dags/example_bash_decorator.py took 0.121 seconds
[2025-06-10T05:35:40.074+0000] {processor.py:161} INFO - Started process (PID=4980) to work on /home/airflow/.local/lib/python3.12/site-packages/airflow/example_dags/example_bash_decorator.py
[2025-06-10T05:35:40.075+0000] {processor.py:830} INFO - Processing file /home/airflow/.local/lib/python3.12/site-packages/airflow/example_dags/example_bash_decorator.py for tasks to queue
[2025-06-10T05:35:40.078+0000] {logging_mixin.py:188} INFO - [2025-06-10T05:35:40.078+0000] {dagbag.py:545} INFO - Filling up the DagBag from /home/airflow/.local/lib/python3.12/site-packages/airflow/example_dags/example_bash_decorator.py
[2025-06-10T05:35:40.096+0000] {processor.py:840} INFO - DAG(s) 'example_bash_decorator' retrieved from /home/airflow/.local/lib/python3.12/site-packages/airflow/example_dags/example_bash_decorator.py
[2025-06-10T05:35:40.131+0000] {logging_mixin.py:188} INFO - [2025-06-10T05:35:40.131+0000] {dag.py:3096} INFO - Sync 1 DAGs
[2025-06-10T05:35:40.146+0000] {logging_mixin.py:188} INFO - [2025-06-10T05:35:40.146+0000] {dag.py:3954} INFO - Setting next_dagrun for example_bash_decorator to None, run_after=None
[2025-06-10T05:35:40.171+0000] {processor.py:183} INFO - Processing /home/airflow/.local/lib/python3.12/site-packages/airflow/example_dags/example_bash_decorator.py took 0.107 seconds
[2025-06-10T05:36:10.451+0000] {processor.py:161} INFO - Started process (PID=5043) to work on /home/airflow/.local/lib/python3.12/site-packages/airflow/example_dags/example_bash_decorator.py
[2025-06-10T05:36:10.454+0000] {processor.py:830} INFO - Processing file /home/airflow/.local/lib/python3.12/site-packages/airflow/example_dags/example_bash_decorator.py for tasks to queue
[2025-06-10T05:36:10.457+0000] {logging_mixin.py:188} INFO - [2025-06-10T05:36:10.456+0000] {dagbag.py:545} INFO - Filling up the DagBag from /home/airflow/.local/lib/python3.12/site-packages/airflow/example_dags/example_bash_decorator.py
[2025-06-10T05:36:10.474+0000] {processor.py:840} INFO - DAG(s) 'example_bash_decorator' retrieved from /home/airflow/.local/lib/python3.12/site-packages/airflow/example_dags/example_bash_decorator.py
[2025-06-10T05:36:10.498+0000] {logging_mixin.py:188} INFO - [2025-06-10T05:36:10.498+0000] {dag.py:3096} INFO - Sync 1 DAGs
[2025-06-10T05:36:10.513+0000] {logging_mixin.py:188} INFO - [2025-06-10T05:36:10.513+0000] {dag.py:3954} INFO - Setting next_dagrun for example_bash_decorator to None, run_after=None
[2025-06-10T05:36:10.541+0000] {processor.py:183} INFO - Processing /home/airflow/.local/lib/python3.12/site-packages/airflow/example_dags/example_bash_decorator.py took 0.101 seconds
[2025-06-10T05:36:41.141+0000] {processor.py:161} INFO - Started process (PID=5106) to work on /home/airflow/.local/lib/python3.12/site-packages/airflow/example_dags/example_bash_decorator.py
[2025-06-10T05:36:41.143+0000] {processor.py:830} INFO - Processing file /home/airflow/.local/lib/python3.12/site-packages/airflow/example_dags/example_bash_decorator.py for tasks to queue
[2025-06-10T05:36:41.147+0000] {logging_mixin.py:188} INFO - [2025-06-10T05:36:41.147+0000] {dagbag.py:545} INFO - Filling up the DagBag from /home/airflow/.local/lib/python3.12/site-packages/airflow/example_dags/example_bash_decorator.py
[2025-06-10T05:36:41.167+0000] {processor.py:840} INFO - DAG(s) 'example_bash_decorator' retrieved from /home/airflow/.local/lib/python3.12/site-packages/airflow/example_dags/example_bash_decorator.py
[2025-06-10T05:36:41.193+0000] {logging_mixin.py:188} INFO - [2025-06-10T05:36:41.192+0000] {dag.py:3096} INFO - Sync 1 DAGs
[2025-06-10T05:36:41.208+0000] {logging_mixin.py:188} INFO - [2025-06-10T05:36:41.208+0000] {dag.py:3954} INFO - Setting next_dagrun for example_bash_decorator to None, run_after=None
[2025-06-10T05:36:41.249+0000] {processor.py:183} INFO - Processing /home/airflow/.local/lib/python3.12/site-packages/airflow/example_dags/example_bash_decorator.py took 0.115 seconds
[2025-06-10T05:37:11.893+0000] {processor.py:161} INFO - Started process (PID=5169) to work on /home/airflow/.local/lib/python3.12/site-packages/airflow/example_dags/example_bash_decorator.py
[2025-06-10T05:37:11.895+0000] {processor.py:830} INFO - Processing file /home/airflow/.local/lib/python3.12/site-packages/airflow/example_dags/example_bash_decorator.py for tasks to queue
[2025-06-10T05:37:11.897+0000] {logging_mixin.py:188} INFO - [2025-06-10T05:37:11.897+0000] {dagbag.py:545} INFO - Filling up the DagBag from /home/airflow/.local/lib/python3.12/site-packages/airflow/example_dags/example_bash_decorator.py
[2025-06-10T05:37:11.924+0000] {processor.py:840} INFO - DAG(s) 'example_bash_decorator' retrieved from /home/airflow/.local/lib/python3.12/site-packages/airflow/example_dags/example_bash_decorator.py
[2025-06-10T05:37:11.964+0000] {logging_mixin.py:188} INFO - [2025-06-10T05:37:11.963+0000] {dag.py:3096} INFO - Sync 1 DAGs
[2025-06-10T05:37:11.980+0000] {logging_mixin.py:188} INFO - [2025-06-10T05:37:11.979+0000] {dag.py:3954} INFO - Setting next_dagrun for example_bash_decorator to None, run_after=None
[2025-06-10T05:37:12.016+0000] {processor.py:183} INFO - Processing /home/airflow/.local/lib/python3.12/site-packages/airflow/example_dags/example_bash_decorator.py took 0.135 seconds
[2025-06-10T05:37:42.209+0000] {processor.py:161} INFO - Started process (PID=5232) to work on /home/airflow/.local/lib/python3.12/site-packages/airflow/example_dags/example_bash_decorator.py
[2025-06-10T05:37:42.213+0000] {processor.py:830} INFO - Processing file /home/airflow/.local/lib/python3.12/site-packages/airflow/example_dags/example_bash_decorator.py for tasks to queue
[2025-06-10T05:37:42.217+0000] {logging_mixin.py:188} INFO - [2025-06-10T05:37:42.217+0000] {dagbag.py:545} INFO - Filling up the DagBag from /home/airflow/.local/lib/python3.12/site-packages/airflow/example_dags/example_bash_decorator.py
[2025-06-10T05:37:42.245+0000] {processor.py:840} INFO - DAG(s) 'example_bash_decorator' retrieved from /home/airflow/.local/lib/python3.12/site-packages/airflow/example_dags/example_bash_decorator.py
[2025-06-10T05:37:42.273+0000] {logging_mixin.py:188} INFO - [2025-06-10T05:37:42.273+0000] {dag.py:3096} INFO - Sync 1 DAGs
[2025-06-10T05:37:42.289+0000] {logging_mixin.py:188} INFO - [2025-06-10T05:37:42.289+0000] {dag.py:3954} INFO - Setting next_dagrun for example_bash_decorator to None, run_after=None
[2025-06-10T05:37:42.330+0000] {processor.py:183} INFO - Processing /home/airflow/.local/lib/python3.12/site-packages/airflow/example_dags/example_bash_decorator.py took 0.144 seconds
[2025-06-10T05:38:13.033+0000] {processor.py:161} INFO - Started process (PID=5295) to work on /home/airflow/.local/lib/python3.12/site-packages/airflow/example_dags/example_bash_decorator.py
[2025-06-10T05:38:13.037+0000] {processor.py:830} INFO - Processing file /home/airflow/.local/lib/python3.12/site-packages/airflow/example_dags/example_bash_decorator.py for tasks to queue
[2025-06-10T05:38:13.046+0000] {logging_mixin.py:188} INFO - [2025-06-10T05:38:13.045+0000] {dagbag.py:545} INFO - Filling up the DagBag from /home/airflow/.local/lib/python3.12/site-packages/airflow/example_dags/example_bash_decorator.py
[2025-06-10T05:38:13.090+0000] {processor.py:840} INFO - DAG(s) 'example_bash_decorator' retrieved from /home/airflow/.local/lib/python3.12/site-packages/airflow/example_dags/example_bash_decorator.py
[2025-06-10T05:38:13.147+0000] {logging_mixin.py:188} INFO - [2025-06-10T05:38:13.147+0000] {dag.py:3096} INFO - Sync 1 DAGs
[2025-06-10T05:38:13.179+0000] {logging_mixin.py:188} INFO - [2025-06-10T05:38:13.178+0000] {dag.py:3954} INFO - Setting next_dagrun for example_bash_decorator to None, run_after=None
[2025-06-10T05:38:13.257+0000] {processor.py:183} INFO - Processing /home/airflow/.local/lib/python3.12/site-packages/airflow/example_dags/example_bash_decorator.py took 0.256 seconds
[2025-06-10T05:38:44.199+0000] {processor.py:161} INFO - Started process (PID=5359) to work on /home/airflow/.local/lib/python3.12/site-packages/airflow/example_dags/example_bash_decorator.py
[2025-06-10T05:38:44.200+0000] {processor.py:830} INFO - Processing file /home/airflow/.local/lib/python3.12/site-packages/airflow/example_dags/example_bash_decorator.py for tasks to queue
[2025-06-10T05:38:44.203+0000] {logging_mixin.py:188} INFO - [2025-06-10T05:38:44.202+0000] {dagbag.py:545} INFO - Filling up the DagBag from /home/airflow/.local/lib/python3.12/site-packages/airflow/example_dags/example_bash_decorator.py
[2025-06-10T05:38:44.219+0000] {processor.py:840} INFO - DAG(s) 'example_bash_decorator' retrieved from /home/airflow/.local/lib/python3.12/site-packages/airflow/example_dags/example_bash_decorator.py
[2025-06-10T05:38:44.266+0000] {logging_mixin.py:188} INFO - [2025-06-10T05:38:44.263+0000] {dag.py:3096} INFO - Sync 1 DAGs
[2025-06-10T05:38:44.304+0000] {logging_mixin.py:188} INFO - [2025-06-10T05:38:44.304+0000] {dag.py:3954} INFO - Setting next_dagrun for example_bash_decorator to None, run_after=None
[2025-06-10T05:38:44.342+0000] {processor.py:183} INFO - Processing /home/airflow/.local/lib/python3.12/site-packages/airflow/example_dags/example_bash_decorator.py took 0.155 seconds
[2025-06-10T05:39:14.626+0000] {processor.py:161} INFO - Started process (PID=5421) to work on /home/airflow/.local/lib/python3.12/site-packages/airflow/example_dags/example_bash_decorator.py
[2025-06-10T05:39:14.633+0000] {processor.py:830} INFO - Processing file /home/airflow/.local/lib/python3.12/site-packages/airflow/example_dags/example_bash_decorator.py for tasks to queue
[2025-06-10T05:39:14.640+0000] {logging_mixin.py:188} INFO - [2025-06-10T05:39:14.640+0000] {dagbag.py:545} INFO - Filling up the DagBag from /home/airflow/.local/lib/python3.12/site-packages/airflow/example_dags/example_bash_decorator.py
[2025-06-10T05:39:14.667+0000] {processor.py:840} INFO - DAG(s) 'example_bash_decorator' retrieved from /home/airflow/.local/lib/python3.12/site-packages/airflow/example_dags/example_bash_decorator.py
[2025-06-10T05:39:14.721+0000] {logging_mixin.py:188} INFO - [2025-06-10T05:39:14.721+0000] {dag.py:3096} INFO - Sync 1 DAGs
[2025-06-10T05:39:14.745+0000] {logging_mixin.py:188} INFO - [2025-06-10T05:39:14.745+0000] {dag.py:3954} INFO - Setting next_dagrun for example_bash_decorator to None, run_after=None
[2025-06-10T05:39:14.808+0000] {processor.py:183} INFO - Processing /home/airflow/.local/lib/python3.12/site-packages/airflow/example_dags/example_bash_decorator.py took 0.210 seconds
[2025-06-10T05:39:45.812+0000] {processor.py:161} INFO - Started process (PID=5484) to work on /home/airflow/.local/lib/python3.12/site-packages/airflow/example_dags/example_bash_decorator.py
[2025-06-10T05:39:45.814+0000] {processor.py:830} INFO - Processing file /home/airflow/.local/lib/python3.12/site-packages/airflow/example_dags/example_bash_decorator.py for tasks to queue
[2025-06-10T05:39:45.819+0000] {logging_mixin.py:188} INFO - [2025-06-10T05:39:45.818+0000] {dagbag.py:545} INFO - Filling up the DagBag from /home/airflow/.local/lib/python3.12/site-packages/airflow/example_dags/example_bash_decorator.py
[2025-06-10T05:39:45.880+0000] {processor.py:840} INFO - DAG(s) 'example_bash_decorator' retrieved from /home/airflow/.local/lib/python3.12/site-packages/airflow/example_dags/example_bash_decorator.py
[2025-06-10T05:39:45.973+0000] {logging_mixin.py:188} INFO - [2025-06-10T05:39:45.972+0000] {dag.py:3096} INFO - Sync 1 DAGs
[2025-06-10T05:39:46.018+0000] {logging_mixin.py:188} INFO - [2025-06-10T05:39:46.017+0000] {dag.py:3954} INFO - Setting next_dagrun for example_bash_decorator to None, run_after=None
[2025-06-10T05:39:46.047+0000] {processor.py:183} INFO - Processing /home/airflow/.local/lib/python3.12/site-packages/airflow/example_dags/example_bash_decorator.py took 0.269 seconds
[2025-06-10T05:40:16.953+0000] {processor.py:161} INFO - Started process (PID=5547) to work on /home/airflow/.local/lib/python3.12/site-packages/airflow/example_dags/example_bash_decorator.py
[2025-06-10T05:40:16.956+0000] {processor.py:830} INFO - Processing file /home/airflow/.local/lib/python3.12/site-packages/airflow/example_dags/example_bash_decorator.py for tasks to queue
[2025-06-10T05:40:16.960+0000] {logging_mixin.py:188} INFO - [2025-06-10T05:40:16.959+0000] {dagbag.py:545} INFO - Filling up the DagBag from /home/airflow/.local/lib/python3.12/site-packages/airflow/example_dags/example_bash_decorator.py
[2025-06-10T05:40:17.001+0000] {processor.py:840} INFO - DAG(s) 'example_bash_decorator' retrieved from /home/airflow/.local/lib/python3.12/site-packages/airflow/example_dags/example_bash_decorator.py
[2025-06-10T05:40:17.036+0000] {logging_mixin.py:188} INFO - [2025-06-10T05:40:17.035+0000] {dag.py:3096} INFO - Sync 1 DAGs
[2025-06-10T05:40:17.058+0000] {logging_mixin.py:188} INFO - [2025-06-10T05:40:17.057+0000] {dag.py:3954} INFO - Setting next_dagrun for example_bash_decorator to None, run_after=None
[2025-06-10T05:40:17.100+0000] {processor.py:183} INFO - Processing /home/airflow/.local/lib/python3.12/site-packages/airflow/example_dags/example_bash_decorator.py took 0.161 seconds
[2025-06-10T05:40:47.535+0000] {processor.py:161} INFO - Started process (PID=5610) to work on /home/airflow/.local/lib/python3.12/site-packages/airflow/example_dags/example_bash_decorator.py
[2025-06-10T05:40:47.537+0000] {processor.py:830} INFO - Processing file /home/airflow/.local/lib/python3.12/site-packages/airflow/example_dags/example_bash_decorator.py for tasks to queue
[2025-06-10T05:40:47.539+0000] {logging_mixin.py:188} INFO - [2025-06-10T05:40:47.539+0000] {dagbag.py:545} INFO - Filling up the DagBag from /home/airflow/.local/lib/python3.12/site-packages/airflow/example_dags/example_bash_decorator.py
[2025-06-10T05:40:47.558+0000] {processor.py:840} INFO - DAG(s) 'example_bash_decorator' retrieved from /home/airflow/.local/lib/python3.12/site-packages/airflow/example_dags/example_bash_decorator.py
[2025-06-10T05:40:47.585+0000] {logging_mixin.py:188} INFO - [2025-06-10T05:40:47.585+0000] {dag.py:3096} INFO - Sync 1 DAGs
[2025-06-10T05:40:47.601+0000] {logging_mixin.py:188} INFO - [2025-06-10T05:40:47.600+0000] {dag.py:3954} INFO - Setting next_dagrun for example_bash_decorator to None, run_after=None
[2025-06-10T05:40:47.631+0000] {processor.py:183} INFO - Processing /home/airflow/.local/lib/python3.12/site-packages/airflow/example_dags/example_bash_decorator.py took 0.104 seconds
[2025-06-10T05:41:18.352+0000] {processor.py:161} INFO - Started process (PID=5673) to work on /home/airflow/.local/lib/python3.12/site-packages/airflow/example_dags/example_bash_decorator.py
[2025-06-10T05:41:18.355+0000] {processor.py:830} INFO - Processing file /home/airflow/.local/lib/python3.12/site-packages/airflow/example_dags/example_bash_decorator.py for tasks to queue
[2025-06-10T05:41:18.359+0000] {logging_mixin.py:188} INFO - [2025-06-10T05:41:18.358+0000] {dagbag.py:545} INFO - Filling up the DagBag from /home/airflow/.local/lib/python3.12/site-packages/airflow/example_dags/example_bash_decorator.py
[2025-06-10T05:41:18.382+0000] {processor.py:840} INFO - DAG(s) 'example_bash_decorator' retrieved from /home/airflow/.local/lib/python3.12/site-packages/airflow/example_dags/example_bash_decorator.py
[2025-06-10T05:41:18.422+0000] {logging_mixin.py:188} INFO - [2025-06-10T05:41:18.422+0000] {dag.py:3096} INFO - Sync 1 DAGs
[2025-06-10T05:41:18.440+0000] {logging_mixin.py:188} INFO - [2025-06-10T05:41:18.440+0000] {dag.py:3954} INFO - Setting next_dagrun for example_bash_decorator to None, run_after=None
[2025-06-10T05:41:18.477+0000] {processor.py:183} INFO - Processing /home/airflow/.local/lib/python3.12/site-packages/airflow/example_dags/example_bash_decorator.py took 0.133 seconds
[2025-06-10T05:41:48.829+0000] {processor.py:161} INFO - Started process (PID=5736) to work on /home/airflow/.local/lib/python3.12/site-packages/airflow/example_dags/example_bash_decorator.py
[2025-06-10T05:41:48.832+0000] {processor.py:830} INFO - Processing file /home/airflow/.local/lib/python3.12/site-packages/airflow/example_dags/example_bash_decorator.py for tasks to queue
[2025-06-10T05:41:48.835+0000] {logging_mixin.py:188} INFO - [2025-06-10T05:41:48.835+0000] {dagbag.py:545} INFO - Filling up the DagBag from /home/airflow/.local/lib/python3.12/site-packages/airflow/example_dags/example_bash_decorator.py
[2025-06-10T05:41:48.852+0000] {processor.py:840} INFO - DAG(s) 'example_bash_decorator' retrieved from /home/airflow/.local/lib/python3.12/site-packages/airflow/example_dags/example_bash_decorator.py
[2025-06-10T05:41:48.879+0000] {logging_mixin.py:188} INFO - [2025-06-10T05:41:48.879+0000] {dag.py:3096} INFO - Sync 1 DAGs
[2025-06-10T05:41:48.895+0000] {logging_mixin.py:188} INFO - [2025-06-10T05:41:48.895+0000] {dag.py:3954} INFO - Setting next_dagrun for example_bash_decorator to None, run_after=None
[2025-06-10T05:41:48.942+0000] {processor.py:183} INFO - Processing /home/airflow/.local/lib/python3.12/site-packages/airflow/example_dags/example_bash_decorator.py took 0.126 seconds
[2025-06-10T05:42:19.123+0000] {processor.py:161} INFO - Started process (PID=5799) to work on /home/airflow/.local/lib/python3.12/site-packages/airflow/example_dags/example_bash_decorator.py
[2025-06-10T05:42:19.124+0000] {processor.py:830} INFO - Processing file /home/airflow/.local/lib/python3.12/site-packages/airflow/example_dags/example_bash_decorator.py for tasks to queue
[2025-06-10T05:42:19.127+0000] {logging_mixin.py:188} INFO - [2025-06-10T05:42:19.126+0000] {dagbag.py:545} INFO - Filling up the DagBag from /home/airflow/.local/lib/python3.12/site-packages/airflow/example_dags/example_bash_decorator.py
[2025-06-10T05:42:19.143+0000] {processor.py:840} INFO - DAG(s) 'example_bash_decorator' retrieved from /home/airflow/.local/lib/python3.12/site-packages/airflow/example_dags/example_bash_decorator.py
[2025-06-10T05:42:19.190+0000] {logging_mixin.py:188} INFO - [2025-06-10T05:42:19.189+0000] {dag.py:3096} INFO - Sync 1 DAGs
[2025-06-10T05:42:19.214+0000] {logging_mixin.py:188} INFO - [2025-06-10T05:42:19.214+0000] {dag.py:3954} INFO - Setting next_dagrun for example_bash_decorator to None, run_after=None
[2025-06-10T05:42:19.247+0000] {processor.py:183} INFO - Processing /home/airflow/.local/lib/python3.12/site-packages/airflow/example_dags/example_bash_decorator.py took 0.132 seconds
[2025-06-10T05:42:49.397+0000] {processor.py:161} INFO - Started process (PID=5862) to work on /home/airflow/.local/lib/python3.12/site-packages/airflow/example_dags/example_bash_decorator.py
[2025-06-10T05:42:49.400+0000] {processor.py:830} INFO - Processing file /home/airflow/.local/lib/python3.12/site-packages/airflow/example_dags/example_bash_decorator.py for tasks to queue
[2025-06-10T05:42:49.402+0000] {logging_mixin.py:188} INFO - [2025-06-10T05:42:49.401+0000] {dagbag.py:545} INFO - Filling up the DagBag from /home/airflow/.local/lib/python3.12/site-packages/airflow/example_dags/example_bash_decorator.py
[2025-06-10T05:42:49.428+0000] {processor.py:840} INFO - DAG(s) 'example_bash_decorator' retrieved from /home/airflow/.local/lib/python3.12/site-packages/airflow/example_dags/example_bash_decorator.py
[2025-06-10T05:42:49.486+0000] {logging_mixin.py:188} INFO - [2025-06-10T05:42:49.486+0000] {dag.py:3096} INFO - Sync 1 DAGs
[2025-06-10T05:42:49.502+0000] {logging_mixin.py:188} INFO - [2025-06-10T05:42:49.502+0000] {dag.py:3954} INFO - Setting next_dagrun for example_bash_decorator to None, run_after=None
[2025-06-10T05:42:49.547+0000] {processor.py:183} INFO - Processing /home/airflow/.local/lib/python3.12/site-packages/airflow/example_dags/example_bash_decorator.py took 0.158 seconds
