[2025-06-10T01:30:42.212+0000] {processor.py:161} INFO - Started process (PID=56) to work on /home/airflow/.local/lib/python3.12/site-packages/airflow/example_dags/tutorial_dag.py
[2025-06-10T01:30:42.221+0000] {processor.py:830} INFO - Processing file /home/airflow/.local/lib/python3.12/site-packages/airflow/example_dags/tutorial_dag.py for tasks to queue
[2025-06-10T01:30:42.225+0000] {logging_mixin.py:188} INFO - [2025-06-10T01:30:42.224+0000] {dagbag.py:545} INFO - Filling up the DagBag from /home/airflow/.local/lib/python3.12/site-packages/airflow/example_dags/tutorial_dag.py
[2025-06-10T01:30:42.240+0000] {processor.py:840} INFO - DAG(s) 'tutorial_dag' retrieved from /home/airflow/.local/lib/python3.12/site-packages/airflow/example_dags/tutorial_dag.py
[2025-06-10T01:30:42.414+0000] {logging_mixin.py:188} INFO - [2025-06-10T01:30:42.414+0000] {dag.py:3096} INFO - Sync 1 DAGs
[2025-06-10T01:30:42.428+0000] {logging_mixin.py:188} INFO - [2025-06-10T01:30:42.427+0000] {dag.py:3954} INFO - Setting next_dagrun for tutorial_dag to None, run_after=None
[2025-06-10T01:30:42.456+0000] {processor.py:183} INFO - Processing /home/airflow/.local/lib/python3.12/site-packages/airflow/example_dags/tutorial_dag.py took 0.255 seconds
[2025-06-10T01:31:13.209+0000] {processor.py:161} INFO - Started process (PID=119) to work on /home/airflow/.local/lib/python3.12/site-packages/airflow/example_dags/tutorial_dag.py
[2025-06-10T01:31:13.213+0000] {processor.py:830} INFO - Processing file /home/airflow/.local/lib/python3.12/site-packages/airflow/example_dags/tutorial_dag.py for tasks to queue
[2025-06-10T01:31:13.217+0000] {logging_mixin.py:188} INFO - [2025-06-10T01:31:13.216+0000] {dagbag.py:545} INFO - Filling up the DagBag from /home/airflow/.local/lib/python3.12/site-packages/airflow/example_dags/tutorial_dag.py
[2025-06-10T01:31:13.231+0000] {processor.py:840} INFO - DAG(s) 'tutorial_dag' retrieved from /home/airflow/.local/lib/python3.12/site-packages/airflow/example_dags/tutorial_dag.py
[2025-06-10T01:31:13.279+0000] {logging_mixin.py:188} INFO - [2025-06-10T01:31:13.279+0000] {dag.py:3096} INFO - Sync 1 DAGs
[2025-06-10T01:31:13.314+0000] {logging_mixin.py:188} INFO - [2025-06-10T01:31:13.313+0000] {dag.py:3954} INFO - Setting next_dagrun for tutorial_dag to None, run_after=None
[2025-06-10T01:31:13.366+0000] {processor.py:183} INFO - Processing /home/airflow/.local/lib/python3.12/site-packages/airflow/example_dags/tutorial_dag.py took 0.173 seconds
[2025-06-10T01:31:44.056+0000] {processor.py:161} INFO - Started process (PID=182) to work on /home/airflow/.local/lib/python3.12/site-packages/airflow/example_dags/tutorial_dag.py
[2025-06-10T01:31:44.060+0000] {processor.py:830} INFO - Processing file /home/airflow/.local/lib/python3.12/site-packages/airflow/example_dags/tutorial_dag.py for tasks to queue
[2025-06-10T01:31:44.063+0000] {logging_mixin.py:188} INFO - [2025-06-10T01:31:44.063+0000] {dagbag.py:545} INFO - Filling up the DagBag from /home/airflow/.local/lib/python3.12/site-packages/airflow/example_dags/tutorial_dag.py
[2025-06-10T01:31:44.079+0000] {processor.py:840} INFO - DAG(s) 'tutorial_dag' retrieved from /home/airflow/.local/lib/python3.12/site-packages/airflow/example_dags/tutorial_dag.py
[2025-06-10T01:31:44.126+0000] {logging_mixin.py:188} INFO - [2025-06-10T01:31:44.125+0000] {dag.py:3096} INFO - Sync 1 DAGs
[2025-06-10T01:31:44.165+0000] {logging_mixin.py:188} INFO - [2025-06-10T01:31:44.164+0000] {dag.py:3954} INFO - Setting next_dagrun for tutorial_dag to None, run_after=None
[2025-06-10T01:31:44.212+0000] {processor.py:183} INFO - Processing /home/airflow/.local/lib/python3.12/site-packages/airflow/example_dags/tutorial_dag.py took 0.173 seconds
[2025-06-10T01:32:15.305+0000] {processor.py:161} INFO - Started process (PID=245) to work on /home/airflow/.local/lib/python3.12/site-packages/airflow/example_dags/tutorial_dag.py
[2025-06-10T01:32:15.307+0000] {processor.py:830} INFO - Processing file /home/airflow/.local/lib/python3.12/site-packages/airflow/example_dags/tutorial_dag.py for tasks to queue
[2025-06-10T01:32:15.309+0000] {logging_mixin.py:188} INFO - [2025-06-10T01:32:15.309+0000] {dagbag.py:545} INFO - Filling up the DagBag from /home/airflow/.local/lib/python3.12/site-packages/airflow/example_dags/tutorial_dag.py
[2025-06-10T01:32:15.316+0000] {processor.py:840} INFO - DAG(s) 'tutorial_dag' retrieved from /home/airflow/.local/lib/python3.12/site-packages/airflow/example_dags/tutorial_dag.py
[2025-06-10T01:32:15.339+0000] {logging_mixin.py:188} INFO - [2025-06-10T01:32:15.339+0000] {dag.py:3096} INFO - Sync 1 DAGs
[2025-06-10T01:32:15.354+0000] {logging_mixin.py:188} INFO - [2025-06-10T01:32:15.354+0000] {dag.py:3954} INFO - Setting next_dagrun for tutorial_dag to None, run_after=None
[2025-06-10T01:32:15.380+0000] {processor.py:183} INFO - Processing /home/airflow/.local/lib/python3.12/site-packages/airflow/example_dags/tutorial_dag.py took 0.082 seconds
[2025-06-10T01:32:46.662+0000] {processor.py:161} INFO - Started process (PID=308) to work on /home/airflow/.local/lib/python3.12/site-packages/airflow/example_dags/tutorial_dag.py
[2025-06-10T01:32:46.663+0000] {processor.py:830} INFO - Processing file /home/airflow/.local/lib/python3.12/site-packages/airflow/example_dags/tutorial_dag.py for tasks to queue
[2025-06-10T01:32:46.666+0000] {logging_mixin.py:188} INFO - [2025-06-10T01:32:46.665+0000] {dagbag.py:545} INFO - Filling up the DagBag from /home/airflow/.local/lib/python3.12/site-packages/airflow/example_dags/tutorial_dag.py
[2025-06-10T01:32:46.673+0000] {processor.py:840} INFO - DAG(s) 'tutorial_dag' retrieved from /home/airflow/.local/lib/python3.12/site-packages/airflow/example_dags/tutorial_dag.py
[2025-06-10T01:32:46.697+0000] {logging_mixin.py:188} INFO - [2025-06-10T01:32:46.696+0000] {dag.py:3096} INFO - Sync 1 DAGs
[2025-06-10T01:32:46.713+0000] {logging_mixin.py:188} INFO - [2025-06-10T01:32:46.712+0000] {dag.py:3954} INFO - Setting next_dagrun for tutorial_dag to None, run_after=None
[2025-06-10T01:32:46.739+0000] {processor.py:183} INFO - Processing /home/airflow/.local/lib/python3.12/site-packages/airflow/example_dags/tutorial_dag.py took 0.086 seconds
[2025-06-10T01:33:17.931+0000] {processor.py:161} INFO - Started process (PID=371) to work on /home/airflow/.local/lib/python3.12/site-packages/airflow/example_dags/tutorial_dag.py
[2025-06-10T01:33:17.933+0000] {processor.py:830} INFO - Processing file /home/airflow/.local/lib/python3.12/site-packages/airflow/example_dags/tutorial_dag.py for tasks to queue
[2025-06-10T01:33:17.935+0000] {logging_mixin.py:188} INFO - [2025-06-10T01:33:17.935+0000] {dagbag.py:545} INFO - Filling up the DagBag from /home/airflow/.local/lib/python3.12/site-packages/airflow/example_dags/tutorial_dag.py
[2025-06-10T01:33:17.942+0000] {processor.py:840} INFO - DAG(s) 'tutorial_dag' retrieved from /home/airflow/.local/lib/python3.12/site-packages/airflow/example_dags/tutorial_dag.py
[2025-06-10T01:33:17.966+0000] {logging_mixin.py:188} INFO - [2025-06-10T01:33:17.966+0000] {dag.py:3096} INFO - Sync 1 DAGs
[2025-06-10T01:33:17.981+0000] {logging_mixin.py:188} INFO - [2025-06-10T01:33:17.980+0000] {dag.py:3954} INFO - Setting next_dagrun for tutorial_dag to None, run_after=None
[2025-06-10T01:33:18.007+0000] {processor.py:183} INFO - Processing /home/airflow/.local/lib/python3.12/site-packages/airflow/example_dags/tutorial_dag.py took 0.082 seconds
[2025-06-10T01:33:49.643+0000] {processor.py:161} INFO - Started process (PID=435) to work on /home/airflow/.local/lib/python3.12/site-packages/airflow/example_dags/tutorial_dag.py
[2025-06-10T01:33:49.644+0000] {processor.py:830} INFO - Processing file /home/airflow/.local/lib/python3.12/site-packages/airflow/example_dags/tutorial_dag.py for tasks to queue
[2025-06-10T01:33:49.647+0000] {logging_mixin.py:188} INFO - [2025-06-10T01:33:49.646+0000] {dagbag.py:545} INFO - Filling up the DagBag from /home/airflow/.local/lib/python3.12/site-packages/airflow/example_dags/tutorial_dag.py
[2025-06-10T01:33:49.654+0000] {processor.py:840} INFO - DAG(s) 'tutorial_dag' retrieved from /home/airflow/.local/lib/python3.12/site-packages/airflow/example_dags/tutorial_dag.py
[2025-06-10T01:33:49.679+0000] {logging_mixin.py:188} INFO - [2025-06-10T01:33:49.679+0000] {dag.py:3096} INFO - Sync 1 DAGs
[2025-06-10T01:33:49.695+0000] {logging_mixin.py:188} INFO - [2025-06-10T01:33:49.695+0000] {dag.py:3954} INFO - Setting next_dagrun for tutorial_dag to None, run_after=None
[2025-06-10T01:33:49.725+0000] {processor.py:183} INFO - Processing /home/airflow/.local/lib/python3.12/site-packages/airflow/example_dags/tutorial_dag.py took 0.095 seconds
[2025-06-10T01:34:20.619+0000] {processor.py:161} INFO - Started process (PID=498) to work on /home/airflow/.local/lib/python3.12/site-packages/airflow/example_dags/tutorial_dag.py
[2025-06-10T01:34:20.621+0000] {processor.py:830} INFO - Processing file /home/airflow/.local/lib/python3.12/site-packages/airflow/example_dags/tutorial_dag.py for tasks to queue
[2025-06-10T01:34:20.624+0000] {logging_mixin.py:188} INFO - [2025-06-10T01:34:20.623+0000] {dagbag.py:545} INFO - Filling up the DagBag from /home/airflow/.local/lib/python3.12/site-packages/airflow/example_dags/tutorial_dag.py
[2025-06-10T01:34:20.631+0000] {processor.py:840} INFO - DAG(s) 'tutorial_dag' retrieved from /home/airflow/.local/lib/python3.12/site-packages/airflow/example_dags/tutorial_dag.py
[2025-06-10T01:34:20.659+0000] {logging_mixin.py:188} INFO - [2025-06-10T01:34:20.658+0000] {dag.py:3096} INFO - Sync 1 DAGs
[2025-06-10T01:34:20.675+0000] {logging_mixin.py:188} INFO - [2025-06-10T01:34:20.675+0000] {dag.py:3954} INFO - Setting next_dagrun for tutorial_dag to None, run_after=None
[2025-06-10T01:34:20.711+0000] {processor.py:183} INFO - Processing /home/airflow/.local/lib/python3.12/site-packages/airflow/example_dags/tutorial_dag.py took 0.104 seconds
[2025-06-10T01:34:52.881+0000] {processor.py:161} INFO - Started process (PID=562) to work on /home/airflow/.local/lib/python3.12/site-packages/airflow/example_dags/tutorial_dag.py
[2025-06-10T01:34:52.882+0000] {processor.py:830} INFO - Processing file /home/airflow/.local/lib/python3.12/site-packages/airflow/example_dags/tutorial_dag.py for tasks to queue
[2025-06-10T01:34:52.886+0000] {logging_mixin.py:188} INFO - [2025-06-10T01:34:52.886+0000] {dagbag.py:545} INFO - Filling up the DagBag from /home/airflow/.local/lib/python3.12/site-packages/airflow/example_dags/tutorial_dag.py
[2025-06-10T01:34:52.899+0000] {processor.py:840} INFO - DAG(s) 'tutorial_dag' retrieved from /home/airflow/.local/lib/python3.12/site-packages/airflow/example_dags/tutorial_dag.py
[2025-06-10T01:34:52.951+0000] {logging_mixin.py:188} INFO - [2025-06-10T01:34:52.950+0000] {dag.py:3096} INFO - Sync 1 DAGs
[2025-06-10T01:34:52.980+0000] {logging_mixin.py:188} INFO - [2025-06-10T01:34:52.980+0000] {dag.py:3954} INFO - Setting next_dagrun for tutorial_dag to None, run_after=None
[2025-06-10T01:34:53.030+0000] {processor.py:183} INFO - Processing /home/airflow/.local/lib/python3.12/site-packages/airflow/example_dags/tutorial_dag.py took 0.163 seconds
[2025-06-10T01:35:23.176+0000] {processor.py:161} INFO - Started process (PID=625) to work on /home/airflow/.local/lib/python3.12/site-packages/airflow/example_dags/tutorial_dag.py
[2025-06-10T01:35:23.178+0000] {processor.py:830} INFO - Processing file /home/airflow/.local/lib/python3.12/site-packages/airflow/example_dags/tutorial_dag.py for tasks to queue
[2025-06-10T01:35:23.180+0000] {logging_mixin.py:188} INFO - [2025-06-10T01:35:23.179+0000] {dagbag.py:545} INFO - Filling up the DagBag from /home/airflow/.local/lib/python3.12/site-packages/airflow/example_dags/tutorial_dag.py
[2025-06-10T01:35:23.187+0000] {processor.py:840} INFO - DAG(s) 'tutorial_dag' retrieved from /home/airflow/.local/lib/python3.12/site-packages/airflow/example_dags/tutorial_dag.py
[2025-06-10T01:35:23.214+0000] {logging_mixin.py:188} INFO - [2025-06-10T01:35:23.214+0000] {dag.py:3096} INFO - Sync 1 DAGs
[2025-06-10T01:35:23.230+0000] {logging_mixin.py:188} INFO - [2025-06-10T01:35:23.229+0000] {dag.py:3954} INFO - Setting next_dagrun for tutorial_dag to None, run_after=None
[2025-06-10T01:35:23.256+0000] {processor.py:183} INFO - Processing /home/airflow/.local/lib/python3.12/site-packages/airflow/example_dags/tutorial_dag.py took 0.090 seconds
[2025-06-10T01:35:54.094+0000] {processor.py:161} INFO - Started process (PID=688) to work on /home/airflow/.local/lib/python3.12/site-packages/airflow/example_dags/tutorial_dag.py
[2025-06-10T01:35:54.095+0000] {processor.py:830} INFO - Processing file /home/airflow/.local/lib/python3.12/site-packages/airflow/example_dags/tutorial_dag.py for tasks to queue
[2025-06-10T01:35:54.098+0000] {logging_mixin.py:188} INFO - [2025-06-10T01:35:54.097+0000] {dagbag.py:545} INFO - Filling up the DagBag from /home/airflow/.local/lib/python3.12/site-packages/airflow/example_dags/tutorial_dag.py
[2025-06-10T01:35:54.104+0000] {processor.py:840} INFO - DAG(s) 'tutorial_dag' retrieved from /home/airflow/.local/lib/python3.12/site-packages/airflow/example_dags/tutorial_dag.py
[2025-06-10T01:35:54.127+0000] {logging_mixin.py:188} INFO - [2025-06-10T01:35:54.127+0000] {dag.py:3096} INFO - Sync 1 DAGs
[2025-06-10T01:35:54.141+0000] {logging_mixin.py:188} INFO - [2025-06-10T01:35:54.141+0000] {dag.py:3954} INFO - Setting next_dagrun for tutorial_dag to None, run_after=None
[2025-06-10T01:35:54.169+0000] {processor.py:183} INFO - Processing /home/airflow/.local/lib/python3.12/site-packages/airflow/example_dags/tutorial_dag.py took 0.082 seconds
[2025-06-10T01:36:24.692+0000] {processor.py:161} INFO - Started process (PID=750) to work on /home/airflow/.local/lib/python3.12/site-packages/airflow/example_dags/tutorial_dag.py
[2025-06-10T01:36:24.694+0000] {processor.py:830} INFO - Processing file /home/airflow/.local/lib/python3.12/site-packages/airflow/example_dags/tutorial_dag.py for tasks to queue
[2025-06-10T01:36:24.698+0000] {logging_mixin.py:188} INFO - [2025-06-10T01:36:24.697+0000] {dagbag.py:545} INFO - Filling up the DagBag from /home/airflow/.local/lib/python3.12/site-packages/airflow/example_dags/tutorial_dag.py
[2025-06-10T01:36:24.709+0000] {processor.py:840} INFO - DAG(s) 'tutorial_dag' retrieved from /home/airflow/.local/lib/python3.12/site-packages/airflow/example_dags/tutorial_dag.py
[2025-06-10T01:36:24.740+0000] {logging_mixin.py:188} INFO - [2025-06-10T01:36:24.740+0000] {dag.py:3096} INFO - Sync 1 DAGs
[2025-06-10T01:36:24.759+0000] {logging_mixin.py:188} INFO - [2025-06-10T01:36:24.759+0000] {dag.py:3954} INFO - Setting next_dagrun for tutorial_dag to None, run_after=None
[2025-06-10T01:36:24.789+0000] {processor.py:183} INFO - Processing /home/airflow/.local/lib/python3.12/site-packages/airflow/example_dags/tutorial_dag.py took 0.107 seconds
[2025-06-10T01:36:55.489+0000] {processor.py:161} INFO - Started process (PID=813) to work on /home/airflow/.local/lib/python3.12/site-packages/airflow/example_dags/tutorial_dag.py
[2025-06-10T01:36:55.490+0000] {processor.py:830} INFO - Processing file /home/airflow/.local/lib/python3.12/site-packages/airflow/example_dags/tutorial_dag.py for tasks to queue
[2025-06-10T01:36:55.492+0000] {logging_mixin.py:188} INFO - [2025-06-10T01:36:55.492+0000] {dagbag.py:545} INFO - Filling up the DagBag from /home/airflow/.local/lib/python3.12/site-packages/airflow/example_dags/tutorial_dag.py
[2025-06-10T01:36:55.499+0000] {processor.py:840} INFO - DAG(s) 'tutorial_dag' retrieved from /home/airflow/.local/lib/python3.12/site-packages/airflow/example_dags/tutorial_dag.py
[2025-06-10T01:36:55.525+0000] {logging_mixin.py:188} INFO - [2025-06-10T01:36:55.524+0000] {dag.py:3096} INFO - Sync 1 DAGs
[2025-06-10T01:36:55.540+0000] {logging_mixin.py:188} INFO - [2025-06-10T01:36:55.540+0000] {dag.py:3954} INFO - Setting next_dagrun for tutorial_dag to None, run_after=None
[2025-06-10T01:36:55.571+0000] {processor.py:183} INFO - Processing /home/airflow/.local/lib/python3.12/site-packages/airflow/example_dags/tutorial_dag.py took 0.089 seconds
[2025-06-10T01:37:26.214+0000] {processor.py:161} INFO - Started process (PID=874) to work on /home/airflow/.local/lib/python3.12/site-packages/airflow/example_dags/tutorial_dag.py
[2025-06-10T01:37:26.216+0000] {processor.py:830} INFO - Processing file /home/airflow/.local/lib/python3.12/site-packages/airflow/example_dags/tutorial_dag.py for tasks to queue
[2025-06-10T01:37:26.220+0000] {logging_mixin.py:188} INFO - [2025-06-10T01:37:26.219+0000] {dagbag.py:545} INFO - Filling up the DagBag from /home/airflow/.local/lib/python3.12/site-packages/airflow/example_dags/tutorial_dag.py
[2025-06-10T01:37:26.236+0000] {processor.py:840} INFO - DAG(s) 'tutorial_dag' retrieved from /home/airflow/.local/lib/python3.12/site-packages/airflow/example_dags/tutorial_dag.py
[2025-06-10T01:37:26.262+0000] {logging_mixin.py:188} INFO - [2025-06-10T01:37:26.261+0000] {dag.py:3096} INFO - Sync 1 DAGs
[2025-06-10T01:37:26.280+0000] {logging_mixin.py:188} INFO - [2025-06-10T01:37:26.280+0000] {dag.py:3954} INFO - Setting next_dagrun for tutorial_dag to None, run_after=None
[2025-06-10T01:37:26.312+0000] {processor.py:183} INFO - Processing /home/airflow/.local/lib/python3.12/site-packages/airflow/example_dags/tutorial_dag.py took 0.105 seconds
[2025-06-10T01:37:57.745+0000] {processor.py:161} INFO - Started process (PID=937) to work on /home/airflow/.local/lib/python3.12/site-packages/airflow/example_dags/tutorial_dag.py
[2025-06-10T01:37:57.750+0000] {processor.py:830} INFO - Processing file /home/airflow/.local/lib/python3.12/site-packages/airflow/example_dags/tutorial_dag.py for tasks to queue
[2025-06-10T01:37:57.753+0000] {logging_mixin.py:188} INFO - [2025-06-10T01:37:57.752+0000] {dagbag.py:545} INFO - Filling up the DagBag from /home/airflow/.local/lib/python3.12/site-packages/airflow/example_dags/tutorial_dag.py
[2025-06-10T01:37:57.760+0000] {processor.py:840} INFO - DAG(s) 'tutorial_dag' retrieved from /home/airflow/.local/lib/python3.12/site-packages/airflow/example_dags/tutorial_dag.py
[2025-06-10T01:37:57.815+0000] {logging_mixin.py:188} INFO - [2025-06-10T01:37:57.814+0000] {dag.py:3096} INFO - Sync 1 DAGs
[2025-06-10T01:37:57.838+0000] {logging_mixin.py:188} INFO - [2025-06-10T01:37:57.837+0000] {dag.py:3954} INFO - Setting next_dagrun for tutorial_dag to None, run_after=None
[2025-06-10T01:37:57.898+0000] {processor.py:183} INFO - Processing /home/airflow/.local/lib/python3.12/site-packages/airflow/example_dags/tutorial_dag.py took 0.177 seconds
[2025-06-10T01:38:28.879+0000] {processor.py:161} INFO - Started process (PID=1000) to work on /home/airflow/.local/lib/python3.12/site-packages/airflow/example_dags/tutorial_dag.py
[2025-06-10T01:38:28.887+0000] {processor.py:830} INFO - Processing file /home/airflow/.local/lib/python3.12/site-packages/airflow/example_dags/tutorial_dag.py for tasks to queue
[2025-06-10T01:38:28.895+0000] {logging_mixin.py:188} INFO - [2025-06-10T01:38:28.892+0000] {dagbag.py:545} INFO - Filling up the DagBag from /home/airflow/.local/lib/python3.12/site-packages/airflow/example_dags/tutorial_dag.py
[2025-06-10T01:38:28.921+0000] {processor.py:840} INFO - DAG(s) 'tutorial_dag' retrieved from /home/airflow/.local/lib/python3.12/site-packages/airflow/example_dags/tutorial_dag.py
[2025-06-10T01:38:29.031+0000] {logging_mixin.py:188} INFO - [2025-06-10T01:38:29.028+0000] {dag.py:3096} INFO - Sync 1 DAGs
[2025-06-10T01:38:29.104+0000] {logging_mixin.py:188} INFO - [2025-06-10T01:38:29.101+0000] {dag.py:3954} INFO - Setting next_dagrun for tutorial_dag to None, run_after=None
[2025-06-10T01:38:29.214+0000] {processor.py:183} INFO - Processing /home/airflow/.local/lib/python3.12/site-packages/airflow/example_dags/tutorial_dag.py took 0.365 seconds
[2025-06-10T01:38:59.473+0000] {processor.py:161} INFO - Started process (PID=1061) to work on /home/airflow/.local/lib/python3.12/site-packages/airflow/example_dags/tutorial_dag.py
[2025-06-10T01:38:59.474+0000] {processor.py:830} INFO - Processing file /home/airflow/.local/lib/python3.12/site-packages/airflow/example_dags/tutorial_dag.py for tasks to queue
[2025-06-10T01:38:59.478+0000] {logging_mixin.py:188} INFO - [2025-06-10T01:38:59.477+0000] {dagbag.py:545} INFO - Filling up the DagBag from /home/airflow/.local/lib/python3.12/site-packages/airflow/example_dags/tutorial_dag.py
[2025-06-10T01:38:59.489+0000] {processor.py:840} INFO - DAG(s) 'tutorial_dag' retrieved from /home/airflow/.local/lib/python3.12/site-packages/airflow/example_dags/tutorial_dag.py
[2025-06-10T01:38:59.525+0000] {logging_mixin.py:188} INFO - [2025-06-10T01:38:59.524+0000] {dag.py:3096} INFO - Sync 1 DAGs
[2025-06-10T01:38:59.544+0000] {logging_mixin.py:188} INFO - [2025-06-10T01:38:59.544+0000] {dag.py:3954} INFO - Setting next_dagrun for tutorial_dag to None, run_after=None
[2025-06-10T01:38:59.585+0000] {processor.py:183} INFO - Processing /home/airflow/.local/lib/python3.12/site-packages/airflow/example_dags/tutorial_dag.py took 0.123 seconds
[2025-06-10T01:39:30.398+0000] {processor.py:161} INFO - Started process (PID=1124) to work on /home/airflow/.local/lib/python3.12/site-packages/airflow/example_dags/tutorial_dag.py
[2025-06-10T01:39:30.399+0000] {processor.py:830} INFO - Processing file /home/airflow/.local/lib/python3.12/site-packages/airflow/example_dags/tutorial_dag.py for tasks to queue
[2025-06-10T01:39:30.401+0000] {logging_mixin.py:188} INFO - [2025-06-10T01:39:30.401+0000] {dagbag.py:545} INFO - Filling up the DagBag from /home/airflow/.local/lib/python3.12/site-packages/airflow/example_dags/tutorial_dag.py
[2025-06-10T01:39:30.412+0000] {processor.py:840} INFO - DAG(s) 'tutorial_dag' retrieved from /home/airflow/.local/lib/python3.12/site-packages/airflow/example_dags/tutorial_dag.py
[2025-06-10T01:39:30.437+0000] {logging_mixin.py:188} INFO - [2025-06-10T01:39:30.437+0000] {dag.py:3096} INFO - Sync 1 DAGs
[2025-06-10T01:39:30.453+0000] {logging_mixin.py:188} INFO - [2025-06-10T01:39:30.452+0000] {dag.py:3954} INFO - Setting next_dagrun for tutorial_dag to None, run_after=None
[2025-06-10T01:39:30.487+0000] {processor.py:183} INFO - Processing /home/airflow/.local/lib/python3.12/site-packages/airflow/example_dags/tutorial_dag.py took 0.097 seconds
[2025-06-10T01:40:00.712+0000] {processor.py:161} INFO - Started process (PID=1187) to work on /home/airflow/.local/lib/python3.12/site-packages/airflow/example_dags/tutorial_dag.py
[2025-06-10T01:40:00.713+0000] {processor.py:830} INFO - Processing file /home/airflow/.local/lib/python3.12/site-packages/airflow/example_dags/tutorial_dag.py for tasks to queue
[2025-06-10T01:40:00.718+0000] {logging_mixin.py:188} INFO - [2025-06-10T01:40:00.718+0000] {dagbag.py:545} INFO - Filling up the DagBag from /home/airflow/.local/lib/python3.12/site-packages/airflow/example_dags/tutorial_dag.py
[2025-06-10T01:40:00.729+0000] {processor.py:840} INFO - DAG(s) 'tutorial_dag' retrieved from /home/airflow/.local/lib/python3.12/site-packages/airflow/example_dags/tutorial_dag.py
[2025-06-10T01:40:00.753+0000] {logging_mixin.py:188} INFO - [2025-06-10T01:40:00.753+0000] {dag.py:3096} INFO - Sync 1 DAGs
[2025-06-10T01:40:00.769+0000] {logging_mixin.py:188} INFO - [2025-06-10T01:40:00.769+0000] {dag.py:3954} INFO - Setting next_dagrun for tutorial_dag to None, run_after=None
[2025-06-10T01:40:00.805+0000] {processor.py:183} INFO - Processing /home/airflow/.local/lib/python3.12/site-packages/airflow/example_dags/tutorial_dag.py took 0.101 seconds
[2025-06-10T01:40:31.083+0000] {processor.py:161} INFO - Started process (PID=1250) to work on /home/airflow/.local/lib/python3.12/site-packages/airflow/example_dags/tutorial_dag.py
[2025-06-10T01:40:31.085+0000] {processor.py:830} INFO - Processing file /home/airflow/.local/lib/python3.12/site-packages/airflow/example_dags/tutorial_dag.py for tasks to queue
[2025-06-10T01:40:31.088+0000] {logging_mixin.py:188} INFO - [2025-06-10T01:40:31.087+0000] {dagbag.py:545} INFO - Filling up the DagBag from /home/airflow/.local/lib/python3.12/site-packages/airflow/example_dags/tutorial_dag.py
[2025-06-10T01:40:31.099+0000] {processor.py:840} INFO - DAG(s) 'tutorial_dag' retrieved from /home/airflow/.local/lib/python3.12/site-packages/airflow/example_dags/tutorial_dag.py
[2025-06-10T01:40:31.123+0000] {logging_mixin.py:188} INFO - [2025-06-10T01:40:31.123+0000] {dag.py:3096} INFO - Sync 1 DAGs
[2025-06-10T01:40:31.140+0000] {logging_mixin.py:188} INFO - [2025-06-10T01:40:31.139+0000] {dag.py:3954} INFO - Setting next_dagrun for tutorial_dag to None, run_after=None
[2025-06-10T01:40:31.182+0000] {processor.py:183} INFO - Processing /home/airflow/.local/lib/python3.12/site-packages/airflow/example_dags/tutorial_dag.py took 0.106 seconds
[2025-06-10T01:41:01.457+0000] {processor.py:161} INFO - Started process (PID=1313) to work on /home/airflow/.local/lib/python3.12/site-packages/airflow/example_dags/tutorial_dag.py
[2025-06-10T01:41:01.458+0000] {processor.py:830} INFO - Processing file /home/airflow/.local/lib/python3.12/site-packages/airflow/example_dags/tutorial_dag.py for tasks to queue
[2025-06-10T01:41:01.462+0000] {logging_mixin.py:188} INFO - [2025-06-10T01:41:01.461+0000] {dagbag.py:545} INFO - Filling up the DagBag from /home/airflow/.local/lib/python3.12/site-packages/airflow/example_dags/tutorial_dag.py
[2025-06-10T01:41:01.469+0000] {processor.py:840} INFO - DAG(s) 'tutorial_dag' retrieved from /home/airflow/.local/lib/python3.12/site-packages/airflow/example_dags/tutorial_dag.py
[2025-06-10T01:41:01.511+0000] {logging_mixin.py:188} INFO - [2025-06-10T01:41:01.511+0000] {dag.py:3096} INFO - Sync 1 DAGs
[2025-06-10T01:41:01.533+0000] {logging_mixin.py:188} INFO - [2025-06-10T01:41:01.533+0000] {dag.py:3954} INFO - Setting next_dagrun for tutorial_dag to None, run_after=None
[2025-06-10T01:41:01.577+0000] {processor.py:183} INFO - Processing /home/airflow/.local/lib/python3.12/site-packages/airflow/example_dags/tutorial_dag.py took 0.134 seconds
[2025-06-10T01:41:31.660+0000] {processor.py:161} INFO - Started process (PID=1376) to work on /home/airflow/.local/lib/python3.12/site-packages/airflow/example_dags/tutorial_dag.py
[2025-06-10T01:41:31.662+0000] {processor.py:830} INFO - Processing file /home/airflow/.local/lib/python3.12/site-packages/airflow/example_dags/tutorial_dag.py for tasks to queue
[2025-06-10T01:41:31.664+0000] {logging_mixin.py:188} INFO - [2025-06-10T01:41:31.664+0000] {dagbag.py:545} INFO - Filling up the DagBag from /home/airflow/.local/lib/python3.12/site-packages/airflow/example_dags/tutorial_dag.py
[2025-06-10T01:41:31.671+0000] {processor.py:840} INFO - DAG(s) 'tutorial_dag' retrieved from /home/airflow/.local/lib/python3.12/site-packages/airflow/example_dags/tutorial_dag.py
[2025-06-10T01:41:31.701+0000] {logging_mixin.py:188} INFO - [2025-06-10T01:41:31.700+0000] {dag.py:3096} INFO - Sync 1 DAGs
[2025-06-10T01:41:31.716+0000] {logging_mixin.py:188} INFO - [2025-06-10T01:41:31.716+0000] {dag.py:3954} INFO - Setting next_dagrun for tutorial_dag to None, run_after=None
[2025-06-10T01:41:31.755+0000] {processor.py:183} INFO - Processing /home/airflow/.local/lib/python3.12/site-packages/airflow/example_dags/tutorial_dag.py took 0.103 seconds
[2025-06-10T01:42:02.194+0000] {processor.py:161} INFO - Started process (PID=1439) to work on /home/airflow/.local/lib/python3.12/site-packages/airflow/example_dags/tutorial_dag.py
[2025-06-10T01:42:02.199+0000] {processor.py:830} INFO - Processing file /home/airflow/.local/lib/python3.12/site-packages/airflow/example_dags/tutorial_dag.py for tasks to queue
[2025-06-10T01:42:02.203+0000] {logging_mixin.py:188} INFO - [2025-06-10T01:42:02.203+0000] {dagbag.py:545} INFO - Filling up the DagBag from /home/airflow/.local/lib/python3.12/site-packages/airflow/example_dags/tutorial_dag.py
[2025-06-10T01:42:02.219+0000] {processor.py:840} INFO - DAG(s) 'tutorial_dag' retrieved from /home/airflow/.local/lib/python3.12/site-packages/airflow/example_dags/tutorial_dag.py
[2025-06-10T01:42:02.247+0000] {logging_mixin.py:188} INFO - [2025-06-10T01:42:02.246+0000] {dag.py:3096} INFO - Sync 1 DAGs
[2025-06-10T01:42:02.273+0000] {logging_mixin.py:188} INFO - [2025-06-10T01:42:02.272+0000] {dag.py:3954} INFO - Setting next_dagrun for tutorial_dag to None, run_after=None
[2025-06-10T01:42:02.314+0000] {processor.py:183} INFO - Processing /home/airflow/.local/lib/python3.12/site-packages/airflow/example_dags/tutorial_dag.py took 0.135 seconds
[2025-06-10T01:42:32.566+0000] {processor.py:161} INFO - Started process (PID=1502) to work on /home/airflow/.local/lib/python3.12/site-packages/airflow/example_dags/tutorial_dag.py
[2025-06-10T01:42:32.568+0000] {processor.py:830} INFO - Processing file /home/airflow/.local/lib/python3.12/site-packages/airflow/example_dags/tutorial_dag.py for tasks to queue
[2025-06-10T01:42:32.570+0000] {logging_mixin.py:188} INFO - [2025-06-10T01:42:32.570+0000] {dagbag.py:545} INFO - Filling up the DagBag from /home/airflow/.local/lib/python3.12/site-packages/airflow/example_dags/tutorial_dag.py
[2025-06-10T01:42:32.577+0000] {processor.py:840} INFO - DAG(s) 'tutorial_dag' retrieved from /home/airflow/.local/lib/python3.12/site-packages/airflow/example_dags/tutorial_dag.py
[2025-06-10T01:42:32.612+0000] {logging_mixin.py:188} INFO - [2025-06-10T01:42:32.611+0000] {dag.py:3096} INFO - Sync 1 DAGs
[2025-06-10T01:42:32.629+0000] {logging_mixin.py:188} INFO - [2025-06-10T01:42:32.628+0000] {dag.py:3954} INFO - Setting next_dagrun for tutorial_dag to None, run_after=None
[2025-06-10T01:42:32.657+0000] {processor.py:183} INFO - Processing /home/airflow/.local/lib/python3.12/site-packages/airflow/example_dags/tutorial_dag.py took 0.099 seconds
[2025-06-10T01:43:02.956+0000] {processor.py:161} INFO - Started process (PID=1565) to work on /home/airflow/.local/lib/python3.12/site-packages/airflow/example_dags/tutorial_dag.py
[2025-06-10T01:43:02.959+0000] {processor.py:830} INFO - Processing file /home/airflow/.local/lib/python3.12/site-packages/airflow/example_dags/tutorial_dag.py for tasks to queue
[2025-06-10T01:43:02.961+0000] {logging_mixin.py:188} INFO - [2025-06-10T01:43:02.961+0000] {dagbag.py:545} INFO - Filling up the DagBag from /home/airflow/.local/lib/python3.12/site-packages/airflow/example_dags/tutorial_dag.py
[2025-06-10T01:43:02.968+0000] {processor.py:840} INFO - DAG(s) 'tutorial_dag' retrieved from /home/airflow/.local/lib/python3.12/site-packages/airflow/example_dags/tutorial_dag.py
[2025-06-10T01:43:02.992+0000] {logging_mixin.py:188} INFO - [2025-06-10T01:43:02.991+0000] {dag.py:3096} INFO - Sync 1 DAGs
[2025-06-10T01:43:03.007+0000] {logging_mixin.py:188} INFO - [2025-06-10T01:43:03.006+0000] {dag.py:3954} INFO - Setting next_dagrun for tutorial_dag to None, run_after=None
[2025-06-10T01:43:03.037+0000] {processor.py:183} INFO - Processing /home/airflow/.local/lib/python3.12/site-packages/airflow/example_dags/tutorial_dag.py took 0.089 seconds
[2025-06-10T01:43:33.585+0000] {processor.py:161} INFO - Started process (PID=1628) to work on /home/airflow/.local/lib/python3.12/site-packages/airflow/example_dags/tutorial_dag.py
[2025-06-10T01:43:33.588+0000] {processor.py:830} INFO - Processing file /home/airflow/.local/lib/python3.12/site-packages/airflow/example_dags/tutorial_dag.py for tasks to queue
[2025-06-10T01:43:33.594+0000] {logging_mixin.py:188} INFO - [2025-06-10T01:43:33.590+0000] {dagbag.py:545} INFO - Filling up the DagBag from /home/airflow/.local/lib/python3.12/site-packages/airflow/example_dags/tutorial_dag.py
[2025-06-10T01:43:33.605+0000] {processor.py:840} INFO - DAG(s) 'tutorial_dag' retrieved from /home/airflow/.local/lib/python3.12/site-packages/airflow/example_dags/tutorial_dag.py
[2025-06-10T01:43:33.654+0000] {logging_mixin.py:188} INFO - [2025-06-10T01:43:33.654+0000] {dag.py:3096} INFO - Sync 1 DAGs
[2025-06-10T01:43:33.918+0000] {logging_mixin.py:188} INFO - [2025-06-10T01:43:33.918+0000] {dag.py:3954} INFO - Setting next_dagrun for tutorial_dag to None, run_after=None
[2025-06-10T01:43:33.974+0000] {processor.py:183} INFO - Processing /home/airflow/.local/lib/python3.12/site-packages/airflow/example_dags/tutorial_dag.py took 0.409 seconds
[2025-06-10T01:44:04.037+0000] {processor.py:161} INFO - Started process (PID=1691) to work on /home/airflow/.local/lib/python3.12/site-packages/airflow/example_dags/tutorial_dag.py
[2025-06-10T01:44:04.040+0000] {processor.py:830} INFO - Processing file /home/airflow/.local/lib/python3.12/site-packages/airflow/example_dags/tutorial_dag.py for tasks to queue
[2025-06-10T01:44:04.043+0000] {logging_mixin.py:188} INFO - [2025-06-10T01:44:04.043+0000] {dagbag.py:545} INFO - Filling up the DagBag from /home/airflow/.local/lib/python3.12/site-packages/airflow/example_dags/tutorial_dag.py
[2025-06-10T01:44:04.055+0000] {processor.py:840} INFO - DAG(s) 'tutorial_dag' retrieved from /home/airflow/.local/lib/python3.12/site-packages/airflow/example_dags/tutorial_dag.py
[2025-06-10T01:44:04.096+0000] {logging_mixin.py:188} INFO - [2025-06-10T01:44:04.096+0000] {dag.py:3096} INFO - Sync 1 DAGs
[2025-06-10T01:44:04.117+0000] {logging_mixin.py:188} INFO - [2025-06-10T01:44:04.116+0000] {dag.py:3954} INFO - Setting next_dagrun for tutorial_dag to None, run_after=None
[2025-06-10T01:44:04.168+0000] {processor.py:183} INFO - Processing /home/airflow/.local/lib/python3.12/site-packages/airflow/example_dags/tutorial_dag.py took 0.144 seconds
[2025-06-10T01:44:34.511+0000] {processor.py:161} INFO - Started process (PID=1754) to work on /home/airflow/.local/lib/python3.12/site-packages/airflow/example_dags/tutorial_dag.py
[2025-06-10T01:44:34.512+0000] {processor.py:830} INFO - Processing file /home/airflow/.local/lib/python3.12/site-packages/airflow/example_dags/tutorial_dag.py for tasks to queue
[2025-06-10T01:44:34.515+0000] {logging_mixin.py:188} INFO - [2025-06-10T01:44:34.514+0000] {dagbag.py:545} INFO - Filling up the DagBag from /home/airflow/.local/lib/python3.12/site-packages/airflow/example_dags/tutorial_dag.py
[2025-06-10T01:44:34.522+0000] {processor.py:840} INFO - DAG(s) 'tutorial_dag' retrieved from /home/airflow/.local/lib/python3.12/site-packages/airflow/example_dags/tutorial_dag.py
[2025-06-10T01:44:34.560+0000] {logging_mixin.py:188} INFO - [2025-06-10T01:44:34.560+0000] {dag.py:3096} INFO - Sync 1 DAGs
[2025-06-10T01:44:34.592+0000] {logging_mixin.py:188} INFO - [2025-06-10T01:44:34.592+0000] {dag.py:3954} INFO - Setting next_dagrun for tutorial_dag to None, run_after=None
[2025-06-10T01:44:34.645+0000] {processor.py:183} INFO - Processing /home/airflow/.local/lib/python3.12/site-packages/airflow/example_dags/tutorial_dag.py took 0.143 seconds
[2025-06-10T01:45:05.546+0000] {processor.py:161} INFO - Started process (PID=1817) to work on /home/airflow/.local/lib/python3.12/site-packages/airflow/example_dags/tutorial_dag.py
[2025-06-10T01:45:05.551+0000] {processor.py:830} INFO - Processing file /home/airflow/.local/lib/python3.12/site-packages/airflow/example_dags/tutorial_dag.py for tasks to queue
[2025-06-10T01:45:05.563+0000] {logging_mixin.py:188} INFO - [2025-06-10T01:45:05.560+0000] {dagbag.py:545} INFO - Filling up the DagBag from /home/airflow/.local/lib/python3.12/site-packages/airflow/example_dags/tutorial_dag.py
[2025-06-10T01:45:05.611+0000] {processor.py:840} INFO - DAG(s) 'tutorial_dag' retrieved from /home/airflow/.local/lib/python3.12/site-packages/airflow/example_dags/tutorial_dag.py
[2025-06-10T01:45:05.700+0000] {logging_mixin.py:188} INFO - [2025-06-10T01:45:05.700+0000] {dag.py:3096} INFO - Sync 1 DAGs
[2025-06-10T01:45:05.759+0000] {logging_mixin.py:188} INFO - [2025-06-10T01:45:05.758+0000] {dag.py:3954} INFO - Setting next_dagrun for tutorial_dag to None, run_after=None
[2025-06-10T01:45:05.809+0000] {processor.py:183} INFO - Processing /home/airflow/.local/lib/python3.12/site-packages/airflow/example_dags/tutorial_dag.py took 0.281 seconds
[2025-06-10T01:45:36.030+0000] {processor.py:161} INFO - Started process (PID=1879) to work on /home/airflow/.local/lib/python3.12/site-packages/airflow/example_dags/tutorial_dag.py
[2025-06-10T01:45:36.032+0000] {processor.py:830} INFO - Processing file /home/airflow/.local/lib/python3.12/site-packages/airflow/example_dags/tutorial_dag.py for tasks to queue
[2025-06-10T01:45:36.036+0000] {logging_mixin.py:188} INFO - [2025-06-10T01:45:36.036+0000] {dagbag.py:545} INFO - Filling up the DagBag from /home/airflow/.local/lib/python3.12/site-packages/airflow/example_dags/tutorial_dag.py
[2025-06-10T01:45:36.046+0000] {processor.py:840} INFO - DAG(s) 'tutorial_dag' retrieved from /home/airflow/.local/lib/python3.12/site-packages/airflow/example_dags/tutorial_dag.py
[2025-06-10T01:45:36.073+0000] {logging_mixin.py:188} INFO - [2025-06-10T01:45:36.072+0000] {dag.py:3096} INFO - Sync 1 DAGs
[2025-06-10T01:45:36.091+0000] {logging_mixin.py:188} INFO - [2025-06-10T01:45:36.091+0000] {dag.py:3954} INFO - Setting next_dagrun for tutorial_dag to None, run_after=None
[2025-06-10T01:45:36.121+0000] {processor.py:183} INFO - Processing /home/airflow/.local/lib/python3.12/site-packages/airflow/example_dags/tutorial_dag.py took 0.103 seconds
[2025-06-10T01:46:06.222+0000] {processor.py:161} INFO - Started process (PID=1942) to work on /home/airflow/.local/lib/python3.12/site-packages/airflow/example_dags/tutorial_dag.py
[2025-06-10T01:46:06.225+0000] {processor.py:830} INFO - Processing file /home/airflow/.local/lib/python3.12/site-packages/airflow/example_dags/tutorial_dag.py for tasks to queue
[2025-06-10T01:46:06.228+0000] {logging_mixin.py:188} INFO - [2025-06-10T01:46:06.228+0000] {dagbag.py:545} INFO - Filling up the DagBag from /home/airflow/.local/lib/python3.12/site-packages/airflow/example_dags/tutorial_dag.py
[2025-06-10T01:46:06.235+0000] {processor.py:840} INFO - DAG(s) 'tutorial_dag' retrieved from /home/airflow/.local/lib/python3.12/site-packages/airflow/example_dags/tutorial_dag.py
[2025-06-10T01:46:06.268+0000] {logging_mixin.py:188} INFO - [2025-06-10T01:46:06.268+0000] {dag.py:3096} INFO - Sync 1 DAGs
[2025-06-10T01:46:06.285+0000] {logging_mixin.py:188} INFO - [2025-06-10T01:46:06.285+0000] {dag.py:3954} INFO - Setting next_dagrun for tutorial_dag to None, run_after=None
[2025-06-10T01:46:06.321+0000] {processor.py:183} INFO - Processing /home/airflow/.local/lib/python3.12/site-packages/airflow/example_dags/tutorial_dag.py took 0.110 seconds
[2025-06-10T01:46:36.580+0000] {processor.py:161} INFO - Started process (PID=2004) to work on /home/airflow/.local/lib/python3.12/site-packages/airflow/example_dags/tutorial_dag.py
[2025-06-10T01:46:36.583+0000] {processor.py:830} INFO - Processing file /home/airflow/.local/lib/python3.12/site-packages/airflow/example_dags/tutorial_dag.py for tasks to queue
[2025-06-10T01:46:36.589+0000] {logging_mixin.py:188} INFO - [2025-06-10T01:46:36.588+0000] {dagbag.py:545} INFO - Filling up the DagBag from /home/airflow/.local/lib/python3.12/site-packages/airflow/example_dags/tutorial_dag.py
[2025-06-10T01:46:36.602+0000] {processor.py:840} INFO - DAG(s) 'tutorial_dag' retrieved from /home/airflow/.local/lib/python3.12/site-packages/airflow/example_dags/tutorial_dag.py
[2025-06-10T01:46:36.626+0000] {logging_mixin.py:188} INFO - [2025-06-10T01:46:36.625+0000] {dag.py:3096} INFO - Sync 1 DAGs
[2025-06-10T01:46:36.641+0000] {logging_mixin.py:188} INFO - [2025-06-10T01:46:36.640+0000] {dag.py:3954} INFO - Setting next_dagrun for tutorial_dag to None, run_after=None
[2025-06-10T01:46:36.667+0000] {processor.py:183} INFO - Processing /home/airflow/.local/lib/python3.12/site-packages/airflow/example_dags/tutorial_dag.py took 0.104 seconds
[2025-06-10T01:47:07.097+0000] {processor.py:161} INFO - Started process (PID=2067) to work on /home/airflow/.local/lib/python3.12/site-packages/airflow/example_dags/tutorial_dag.py
[2025-06-10T01:47:07.101+0000] {processor.py:830} INFO - Processing file /home/airflow/.local/lib/python3.12/site-packages/airflow/example_dags/tutorial_dag.py for tasks to queue
[2025-06-10T01:47:07.103+0000] {logging_mixin.py:188} INFO - [2025-06-10T01:47:07.103+0000] {dagbag.py:545} INFO - Filling up the DagBag from /home/airflow/.local/lib/python3.12/site-packages/airflow/example_dags/tutorial_dag.py
[2025-06-10T01:47:07.110+0000] {processor.py:840} INFO - DAG(s) 'tutorial_dag' retrieved from /home/airflow/.local/lib/python3.12/site-packages/airflow/example_dags/tutorial_dag.py
[2025-06-10T01:47:07.144+0000] {logging_mixin.py:188} INFO - [2025-06-10T01:47:07.143+0000] {dag.py:3096} INFO - Sync 1 DAGs
[2025-06-10T01:47:07.159+0000] {logging_mixin.py:188} INFO - [2025-06-10T01:47:07.159+0000] {dag.py:3954} INFO - Setting next_dagrun for tutorial_dag to None, run_after=None
[2025-06-10T01:47:07.187+0000] {processor.py:183} INFO - Processing /home/airflow/.local/lib/python3.12/site-packages/airflow/example_dags/tutorial_dag.py took 0.098 seconds
[2025-06-10T01:47:37.432+0000] {processor.py:161} INFO - Started process (PID=2130) to work on /home/airflow/.local/lib/python3.12/site-packages/airflow/example_dags/tutorial_dag.py
[2025-06-10T01:47:37.434+0000] {processor.py:830} INFO - Processing file /home/airflow/.local/lib/python3.12/site-packages/airflow/example_dags/tutorial_dag.py for tasks to queue
[2025-06-10T01:47:37.436+0000] {logging_mixin.py:188} INFO - [2025-06-10T01:47:37.436+0000] {dagbag.py:545} INFO - Filling up the DagBag from /home/airflow/.local/lib/python3.12/site-packages/airflow/example_dags/tutorial_dag.py
[2025-06-10T01:47:37.443+0000] {processor.py:840} INFO - DAG(s) 'tutorial_dag' retrieved from /home/airflow/.local/lib/python3.12/site-packages/airflow/example_dags/tutorial_dag.py
[2025-06-10T01:47:37.467+0000] {logging_mixin.py:188} INFO - [2025-06-10T01:47:37.467+0000] {dag.py:3096} INFO - Sync 1 DAGs
[2025-06-10T01:47:37.482+0000] {logging_mixin.py:188} INFO - [2025-06-10T01:47:37.481+0000] {dag.py:3954} INFO - Setting next_dagrun for tutorial_dag to None, run_after=None
[2025-06-10T01:47:37.510+0000] {processor.py:183} INFO - Processing /home/airflow/.local/lib/python3.12/site-packages/airflow/example_dags/tutorial_dag.py took 0.086 seconds
[2025-06-10T01:48:07.916+0000] {processor.py:161} INFO - Started process (PID=2193) to work on /home/airflow/.local/lib/python3.12/site-packages/airflow/example_dags/tutorial_dag.py
[2025-06-10T01:48:07.917+0000] {processor.py:830} INFO - Processing file /home/airflow/.local/lib/python3.12/site-packages/airflow/example_dags/tutorial_dag.py for tasks to queue
[2025-06-10T01:48:07.919+0000] {logging_mixin.py:188} INFO - [2025-06-10T01:48:07.919+0000] {dagbag.py:545} INFO - Filling up the DagBag from /home/airflow/.local/lib/python3.12/site-packages/airflow/example_dags/tutorial_dag.py
[2025-06-10T01:48:07.934+0000] {processor.py:840} INFO - DAG(s) 'tutorial_dag' retrieved from /home/airflow/.local/lib/python3.12/site-packages/airflow/example_dags/tutorial_dag.py
[2025-06-10T01:48:07.966+0000] {logging_mixin.py:188} INFO - [2025-06-10T01:48:07.965+0000] {dag.py:3096} INFO - Sync 1 DAGs
[2025-06-10T01:48:07.981+0000] {logging_mixin.py:188} INFO - [2025-06-10T01:48:07.980+0000] {dag.py:3954} INFO - Setting next_dagrun for tutorial_dag to None, run_after=None
[2025-06-10T01:48:08.013+0000] {processor.py:183} INFO - Processing /home/airflow/.local/lib/python3.12/site-packages/airflow/example_dags/tutorial_dag.py took 0.104 seconds
[2025-06-10T01:49:18.473+0000] {processor.py:161} INFO - Started process (PID=2237) to work on /home/airflow/.local/lib/python3.12/site-packages/airflow/example_dags/tutorial_dag.py
[2025-06-10T01:49:18.480+0000] {processor.py:830} INFO - Processing file /home/airflow/.local/lib/python3.12/site-packages/airflow/example_dags/tutorial_dag.py for tasks to queue
[2025-06-10T01:49:18.487+0000] {logging_mixin.py:188} INFO - [2025-06-10T01:49:18.486+0000] {dagbag.py:545} INFO - Filling up the DagBag from /home/airflow/.local/lib/python3.12/site-packages/airflow/example_dags/tutorial_dag.py
[2025-06-10T01:49:18.505+0000] {processor.py:840} INFO - DAG(s) 'tutorial_dag' retrieved from /home/airflow/.local/lib/python3.12/site-packages/airflow/example_dags/tutorial_dag.py
[2025-06-10T01:49:18.593+0000] {logging_mixin.py:188} INFO - [2025-06-10T01:49:18.588+0000] {dag.py:3096} INFO - Sync 1 DAGs
[2025-06-10T01:49:18.649+0000] {logging_mixin.py:188} INFO - [2025-06-10T01:49:18.649+0000] {dag.py:3954} INFO - Setting next_dagrun for tutorial_dag to None, run_after=None
[2025-06-10T01:49:18.739+0000] {processor.py:183} INFO - Processing /home/airflow/.local/lib/python3.12/site-packages/airflow/example_dags/tutorial_dag.py took 0.283 seconds
[2025-06-10T04:55:35.569+0000] {processor.py:161} INFO - Started process (PID=58) to work on /home/airflow/.local/lib/python3.12/site-packages/airflow/example_dags/tutorial_dag.py
[2025-06-10T04:55:35.573+0000] {processor.py:830} INFO - Processing file /home/airflow/.local/lib/python3.12/site-packages/airflow/example_dags/tutorial_dag.py for tasks to queue
[2025-06-10T04:55:35.577+0000] {logging_mixin.py:188} INFO - [2025-06-10T04:55:35.576+0000] {dagbag.py:545} INFO - Filling up the DagBag from /home/airflow/.local/lib/python3.12/site-packages/airflow/example_dags/tutorial_dag.py
[2025-06-10T04:55:35.595+0000] {processor.py:840} INFO - DAG(s) 'tutorial_dag' retrieved from /home/airflow/.local/lib/python3.12/site-packages/airflow/example_dags/tutorial_dag.py
[2025-06-10T04:55:35.871+0000] {logging_mixin.py:188} INFO - [2025-06-10T04:55:35.870+0000] {dag.py:3096} INFO - Sync 1 DAGs
[2025-06-10T04:55:35.887+0000] {logging_mixin.py:188} INFO - [2025-06-10T04:55:35.886+0000] {dag.py:3954} INFO - Setting next_dagrun for tutorial_dag to None, run_after=None
[2025-06-10T04:55:35.934+0000] {processor.py:183} INFO - Processing /home/airflow/.local/lib/python3.12/site-packages/airflow/example_dags/tutorial_dag.py took 0.378 seconds
[2025-06-10T04:56:10.934+0000] {processor.py:161} INFO - Started process (PID=121) to work on /home/airflow/.local/lib/python3.12/site-packages/airflow/example_dags/tutorial_dag.py
[2025-06-10T04:56:10.938+0000] {processor.py:830} INFO - Processing file /home/airflow/.local/lib/python3.12/site-packages/airflow/example_dags/tutorial_dag.py for tasks to queue
[2025-06-10T04:56:10.946+0000] {logging_mixin.py:188} INFO - [2025-06-10T04:56:10.945+0000] {dagbag.py:545} INFO - Filling up the DagBag from /home/airflow/.local/lib/python3.12/site-packages/airflow/example_dags/tutorial_dag.py
[2025-06-10T04:56:10.963+0000] {processor.py:840} INFO - DAG(s) 'tutorial_dag' retrieved from /home/airflow/.local/lib/python3.12/site-packages/airflow/example_dags/tutorial_dag.py
[2025-06-10T04:56:11.043+0000] {logging_mixin.py:188} INFO - [2025-06-10T04:56:11.043+0000] {dag.py:3096} INFO - Sync 1 DAGs
[2025-06-10T04:56:11.062+0000] {logging_mixin.py:188} INFO - [2025-06-10T04:56:11.062+0000] {dag.py:3954} INFO - Setting next_dagrun for tutorial_dag to None, run_after=None
[2025-06-10T04:56:11.106+0000] {processor.py:183} INFO - Processing /home/airflow/.local/lib/python3.12/site-packages/airflow/example_dags/tutorial_dag.py took 0.203 seconds
[2025-06-10T04:56:41.946+0000] {processor.py:161} INFO - Started process (PID=183) to work on /home/airflow/.local/lib/python3.12/site-packages/airflow/example_dags/tutorial_dag.py
[2025-06-10T04:56:41.950+0000] {processor.py:830} INFO - Processing file /home/airflow/.local/lib/python3.12/site-packages/airflow/example_dags/tutorial_dag.py for tasks to queue
[2025-06-10T04:56:41.958+0000] {logging_mixin.py:188} INFO - [2025-06-10T04:56:41.956+0000] {dagbag.py:545} INFO - Filling up the DagBag from /home/airflow/.local/lib/python3.12/site-packages/airflow/example_dags/tutorial_dag.py
[2025-06-10T04:56:41.977+0000] {processor.py:840} INFO - DAG(s) 'tutorial_dag' retrieved from /home/airflow/.local/lib/python3.12/site-packages/airflow/example_dags/tutorial_dag.py
[2025-06-10T04:56:42.085+0000] {logging_mixin.py:188} INFO - [2025-06-10T04:56:42.085+0000] {dag.py:3096} INFO - Sync 1 DAGs
[2025-06-10T04:56:42.139+0000] {logging_mixin.py:188} INFO - [2025-06-10T04:56:42.139+0000] {dag.py:3954} INFO - Setting next_dagrun for tutorial_dag to None, run_after=None
[2025-06-10T04:56:42.212+0000] {processor.py:183} INFO - Processing /home/airflow/.local/lib/python3.12/site-packages/airflow/example_dags/tutorial_dag.py took 0.285 seconds
[2025-06-10T04:57:13.031+0000] {processor.py:161} INFO - Started process (PID=246) to work on /home/airflow/.local/lib/python3.12/site-packages/airflow/example_dags/tutorial_dag.py
[2025-06-10T04:57:13.033+0000] {processor.py:830} INFO - Processing file /home/airflow/.local/lib/python3.12/site-packages/airflow/example_dags/tutorial_dag.py for tasks to queue
[2025-06-10T04:57:13.035+0000] {logging_mixin.py:188} INFO - [2025-06-10T04:57:13.035+0000] {dagbag.py:545} INFO - Filling up the DagBag from /home/airflow/.local/lib/python3.12/site-packages/airflow/example_dags/tutorial_dag.py
[2025-06-10T04:57:13.042+0000] {processor.py:840} INFO - DAG(s) 'tutorial_dag' retrieved from /home/airflow/.local/lib/python3.12/site-packages/airflow/example_dags/tutorial_dag.py
[2025-06-10T04:57:13.068+0000] {logging_mixin.py:188} INFO - [2025-06-10T04:57:13.067+0000] {dag.py:3096} INFO - Sync 1 DAGs
[2025-06-10T04:57:13.084+0000] {logging_mixin.py:188} INFO - [2025-06-10T04:57:13.083+0000] {dag.py:3954} INFO - Setting next_dagrun for tutorial_dag to None, run_after=None
[2025-06-10T04:57:13.118+0000] {processor.py:183} INFO - Processing /home/airflow/.local/lib/python3.12/site-packages/airflow/example_dags/tutorial_dag.py took 0.094 seconds
[2025-06-10T04:57:43.367+0000] {processor.py:161} INFO - Started process (PID=309) to work on /home/airflow/.local/lib/python3.12/site-packages/airflow/example_dags/tutorial_dag.py
[2025-06-10T04:57:43.368+0000] {processor.py:830} INFO - Processing file /home/airflow/.local/lib/python3.12/site-packages/airflow/example_dags/tutorial_dag.py for tasks to queue
[2025-06-10T04:57:43.370+0000] {logging_mixin.py:188} INFO - [2025-06-10T04:57:43.370+0000] {dagbag.py:545} INFO - Filling up the DagBag from /home/airflow/.local/lib/python3.12/site-packages/airflow/example_dags/tutorial_dag.py
[2025-06-10T04:57:43.378+0000] {processor.py:840} INFO - DAG(s) 'tutorial_dag' retrieved from /home/airflow/.local/lib/python3.12/site-packages/airflow/example_dags/tutorial_dag.py
[2025-06-10T04:57:43.428+0000] {logging_mixin.py:188} INFO - [2025-06-10T04:57:43.428+0000] {dag.py:3096} INFO - Sync 1 DAGs
[2025-06-10T04:57:43.457+0000] {logging_mixin.py:188} INFO - [2025-06-10T04:57:43.457+0000] {dag.py:3954} INFO - Setting next_dagrun for tutorial_dag to None, run_after=None
[2025-06-10T04:57:43.497+0000] {processor.py:183} INFO - Processing /home/airflow/.local/lib/python3.12/site-packages/airflow/example_dags/tutorial_dag.py took 0.141 seconds
[2025-06-10T04:58:13.546+0000] {processor.py:161} INFO - Started process (PID=371) to work on /home/airflow/.local/lib/python3.12/site-packages/airflow/example_dags/tutorial_dag.py
[2025-06-10T04:58:13.548+0000] {processor.py:830} INFO - Processing file /home/airflow/.local/lib/python3.12/site-packages/airflow/example_dags/tutorial_dag.py for tasks to queue
[2025-06-10T04:58:13.551+0000] {logging_mixin.py:188} INFO - [2025-06-10T04:58:13.550+0000] {dagbag.py:545} INFO - Filling up the DagBag from /home/airflow/.local/lib/python3.12/site-packages/airflow/example_dags/tutorial_dag.py
[2025-06-10T04:58:13.557+0000] {processor.py:840} INFO - DAG(s) 'tutorial_dag' retrieved from /home/airflow/.local/lib/python3.12/site-packages/airflow/example_dags/tutorial_dag.py
[2025-06-10T04:58:13.586+0000] {logging_mixin.py:188} INFO - [2025-06-10T04:58:13.585+0000] {dag.py:3096} INFO - Sync 1 DAGs
[2025-06-10T04:58:13.603+0000] {logging_mixin.py:188} INFO - [2025-06-10T04:58:13.602+0000] {dag.py:3954} INFO - Setting next_dagrun for tutorial_dag to None, run_after=None
[2025-06-10T04:58:13.638+0000] {processor.py:183} INFO - Processing /home/airflow/.local/lib/python3.12/site-packages/airflow/example_dags/tutorial_dag.py took 0.102 seconds
[2025-06-10T04:58:45.527+0000] {processor.py:161} INFO - Started process (PID=435) to work on /home/airflow/.local/lib/python3.12/site-packages/airflow/example_dags/tutorial_dag.py
[2025-06-10T04:58:45.530+0000] {processor.py:830} INFO - Processing file /home/airflow/.local/lib/python3.12/site-packages/airflow/example_dags/tutorial_dag.py for tasks to queue
[2025-06-10T04:58:45.534+0000] {logging_mixin.py:188} INFO - [2025-06-10T04:58:45.533+0000] {dagbag.py:545} INFO - Filling up the DagBag from /home/airflow/.local/lib/python3.12/site-packages/airflow/example_dags/tutorial_dag.py
[2025-06-10T04:58:45.545+0000] {processor.py:840} INFO - DAG(s) 'tutorial_dag' retrieved from /home/airflow/.local/lib/python3.12/site-packages/airflow/example_dags/tutorial_dag.py
[2025-06-10T04:58:45.587+0000] {logging_mixin.py:188} INFO - [2025-06-10T04:58:45.587+0000] {dag.py:3096} INFO - Sync 1 DAGs
[2025-06-10T04:58:45.614+0000] {logging_mixin.py:188} INFO - [2025-06-10T04:58:45.614+0000] {dag.py:3954} INFO - Setting next_dagrun for tutorial_dag to None, run_after=None
[2025-06-10T04:58:45.657+0000] {processor.py:183} INFO - Processing /home/airflow/.local/lib/python3.12/site-packages/airflow/example_dags/tutorial_dag.py took 0.143 seconds
[2025-06-10T04:59:16.429+0000] {processor.py:161} INFO - Started process (PID=498) to work on /home/airflow/.local/lib/python3.12/site-packages/airflow/example_dags/tutorial_dag.py
[2025-06-10T04:59:16.431+0000] {processor.py:830} INFO - Processing file /home/airflow/.local/lib/python3.12/site-packages/airflow/example_dags/tutorial_dag.py for tasks to queue
[2025-06-10T04:59:16.434+0000] {logging_mixin.py:188} INFO - [2025-06-10T04:59:16.434+0000] {dagbag.py:545} INFO - Filling up the DagBag from /home/airflow/.local/lib/python3.12/site-packages/airflow/example_dags/tutorial_dag.py
[2025-06-10T04:59:16.441+0000] {processor.py:840} INFO - DAG(s) 'tutorial_dag' retrieved from /home/airflow/.local/lib/python3.12/site-packages/airflow/example_dags/tutorial_dag.py
[2025-06-10T04:59:16.474+0000] {logging_mixin.py:188} INFO - [2025-06-10T04:59:16.473+0000] {dag.py:3096} INFO - Sync 1 DAGs
[2025-06-10T04:59:16.490+0000] {logging_mixin.py:188} INFO - [2025-06-10T04:59:16.490+0000] {dag.py:3954} INFO - Setting next_dagrun for tutorial_dag to None, run_after=None
[2025-06-10T04:59:16.520+0000] {processor.py:183} INFO - Processing /home/airflow/.local/lib/python3.12/site-packages/airflow/example_dags/tutorial_dag.py took 0.098 seconds
[2025-06-10T04:59:47.574+0000] {processor.py:161} INFO - Started process (PID=561) to work on /home/airflow/.local/lib/python3.12/site-packages/airflow/example_dags/tutorial_dag.py
[2025-06-10T04:59:47.575+0000] {processor.py:830} INFO - Processing file /home/airflow/.local/lib/python3.12/site-packages/airflow/example_dags/tutorial_dag.py for tasks to queue
[2025-06-10T04:59:47.578+0000] {logging_mixin.py:188} INFO - [2025-06-10T04:59:47.578+0000] {dagbag.py:545} INFO - Filling up the DagBag from /home/airflow/.local/lib/python3.12/site-packages/airflow/example_dags/tutorial_dag.py
[2025-06-10T04:59:47.585+0000] {processor.py:840} INFO - DAG(s) 'tutorial_dag' retrieved from /home/airflow/.local/lib/python3.12/site-packages/airflow/example_dags/tutorial_dag.py
[2025-06-10T04:59:47.608+0000] {logging_mixin.py:188} INFO - [2025-06-10T04:59:47.608+0000] {dag.py:3096} INFO - Sync 1 DAGs
[2025-06-10T04:59:47.623+0000] {logging_mixin.py:188} INFO - [2025-06-10T04:59:47.623+0000] {dag.py:3954} INFO - Setting next_dagrun for tutorial_dag to None, run_after=None
[2025-06-10T04:59:47.652+0000] {processor.py:183} INFO - Processing /home/airflow/.local/lib/python3.12/site-packages/airflow/example_dags/tutorial_dag.py took 0.086 seconds
[2025-06-10T05:00:19.641+0000] {processor.py:161} INFO - Started process (PID=624) to work on /home/airflow/.local/lib/python3.12/site-packages/airflow/example_dags/tutorial_dag.py
[2025-06-10T05:00:19.644+0000] {processor.py:830} INFO - Processing file /home/airflow/.local/lib/python3.12/site-packages/airflow/example_dags/tutorial_dag.py for tasks to queue
[2025-06-10T05:00:19.648+0000] {logging_mixin.py:188} INFO - [2025-06-10T05:00:19.647+0000] {dagbag.py:545} INFO - Filling up the DagBag from /home/airflow/.local/lib/python3.12/site-packages/airflow/example_dags/tutorial_dag.py
[2025-06-10T05:00:19.661+0000] {processor.py:840} INFO - DAG(s) 'tutorial_dag' retrieved from /home/airflow/.local/lib/python3.12/site-packages/airflow/example_dags/tutorial_dag.py
[2025-06-10T05:00:19.709+0000] {logging_mixin.py:188} INFO - [2025-06-10T05:00:19.708+0000] {dag.py:3096} INFO - Sync 1 DAGs
[2025-06-10T05:00:19.741+0000] {logging_mixin.py:188} INFO - [2025-06-10T05:00:19.740+0000] {dag.py:3954} INFO - Setting next_dagrun for tutorial_dag to None, run_after=None
[2025-06-10T05:00:19.790+0000] {processor.py:183} INFO - Processing /home/airflow/.local/lib/python3.12/site-packages/airflow/example_dags/tutorial_dag.py took 0.163 seconds
[2025-06-10T05:00:50.480+0000] {processor.py:161} INFO - Started process (PID=686) to work on /home/airflow/.local/lib/python3.12/site-packages/airflow/example_dags/tutorial_dag.py
[2025-06-10T05:00:50.481+0000] {processor.py:830} INFO - Processing file /home/airflow/.local/lib/python3.12/site-packages/airflow/example_dags/tutorial_dag.py for tasks to queue
[2025-06-10T05:00:50.483+0000] {logging_mixin.py:188} INFO - [2025-06-10T05:00:50.482+0000] {dagbag.py:545} INFO - Filling up the DagBag from /home/airflow/.local/lib/python3.12/site-packages/airflow/example_dags/tutorial_dag.py
[2025-06-10T05:00:50.489+0000] {processor.py:840} INFO - DAG(s) 'tutorial_dag' retrieved from /home/airflow/.local/lib/python3.12/site-packages/airflow/example_dags/tutorial_dag.py
[2025-06-10T05:00:50.528+0000] {logging_mixin.py:188} INFO - [2025-06-10T05:00:50.528+0000] {dag.py:3096} INFO - Sync 1 DAGs
[2025-06-10T05:00:50.543+0000] {logging_mixin.py:188} INFO - [2025-06-10T05:00:50.542+0000] {dag.py:3954} INFO - Setting next_dagrun for tutorial_dag to None, run_after=None
[2025-06-10T05:00:50.577+0000] {processor.py:183} INFO - Processing /home/airflow/.local/lib/python3.12/site-packages/airflow/example_dags/tutorial_dag.py took 0.104 seconds
[2025-06-10T05:01:21.792+0000] {processor.py:161} INFO - Started process (PID=750) to work on /home/airflow/.local/lib/python3.12/site-packages/airflow/example_dags/tutorial_dag.py
[2025-06-10T05:01:21.794+0000] {processor.py:830} INFO - Processing file /home/airflow/.local/lib/python3.12/site-packages/airflow/example_dags/tutorial_dag.py for tasks to queue
[2025-06-10T05:01:21.796+0000] {logging_mixin.py:188} INFO - [2025-06-10T05:01:21.796+0000] {dagbag.py:545} INFO - Filling up the DagBag from /home/airflow/.local/lib/python3.12/site-packages/airflow/example_dags/tutorial_dag.py
[2025-06-10T05:01:21.803+0000] {processor.py:840} INFO - DAG(s) 'tutorial_dag' retrieved from /home/airflow/.local/lib/python3.12/site-packages/airflow/example_dags/tutorial_dag.py
[2025-06-10T05:01:21.827+0000] {logging_mixin.py:188} INFO - [2025-06-10T05:01:21.827+0000] {dag.py:3096} INFO - Sync 1 DAGs
[2025-06-10T05:01:21.842+0000] {logging_mixin.py:188} INFO - [2025-06-10T05:01:21.842+0000] {dag.py:3954} INFO - Setting next_dagrun for tutorial_dag to None, run_after=None
[2025-06-10T05:01:21.872+0000] {processor.py:183} INFO - Processing /home/airflow/.local/lib/python3.12/site-packages/airflow/example_dags/tutorial_dag.py took 0.088 seconds
[2025-06-10T05:01:53.827+0000] {processor.py:161} INFO - Started process (PID=813) to work on /home/airflow/.local/lib/python3.12/site-packages/airflow/example_dags/tutorial_dag.py
[2025-06-10T05:01:53.829+0000] {processor.py:830} INFO - Processing file /home/airflow/.local/lib/python3.12/site-packages/airflow/example_dags/tutorial_dag.py for tasks to queue
[2025-06-10T05:01:53.833+0000] {logging_mixin.py:188} INFO - [2025-06-10T05:01:53.833+0000] {dagbag.py:545} INFO - Filling up the DagBag from /home/airflow/.local/lib/python3.12/site-packages/airflow/example_dags/tutorial_dag.py
[2025-06-10T05:01:53.847+0000] {processor.py:840} INFO - DAG(s) 'tutorial_dag' retrieved from /home/airflow/.local/lib/python3.12/site-packages/airflow/example_dags/tutorial_dag.py
[2025-06-10T05:01:53.881+0000] {logging_mixin.py:188} INFO - [2025-06-10T05:01:53.881+0000] {dag.py:3096} INFO - Sync 1 DAGs
[2025-06-10T05:01:53.895+0000] {logging_mixin.py:188} INFO - [2025-06-10T05:01:53.895+0000] {dag.py:3954} INFO - Setting next_dagrun for tutorial_dag to None, run_after=None
[2025-06-10T05:01:53.935+0000] {processor.py:183} INFO - Processing /home/airflow/.local/lib/python3.12/site-packages/airflow/example_dags/tutorial_dag.py took 0.122 seconds
[2025-06-10T05:02:26.775+0000] {processor.py:161} INFO - Started process (PID=876) to work on /home/airflow/.local/lib/python3.12/site-packages/airflow/example_dags/tutorial_dag.py
[2025-06-10T05:02:26.785+0000] {processor.py:830} INFO - Processing file /home/airflow/.local/lib/python3.12/site-packages/airflow/example_dags/tutorial_dag.py for tasks to queue
[2025-06-10T05:02:26.797+0000] {logging_mixin.py:188} INFO - [2025-06-10T05:02:26.794+0000] {dagbag.py:545} INFO - Filling up the DagBag from /home/airflow/.local/lib/python3.12/site-packages/airflow/example_dags/tutorial_dag.py
[2025-06-10T05:02:26.818+0000] {processor.py:840} INFO - DAG(s) 'tutorial_dag' retrieved from /home/airflow/.local/lib/python3.12/site-packages/airflow/example_dags/tutorial_dag.py
[2025-06-10T05:02:26.872+0000] {logging_mixin.py:188} INFO - [2025-06-10T05:02:26.872+0000] {dag.py:3096} INFO - Sync 1 DAGs
[2025-06-10T05:02:26.909+0000] {logging_mixin.py:188} INFO - [2025-06-10T05:02:26.909+0000] {dag.py:3954} INFO - Setting next_dagrun for tutorial_dag to None, run_after=None
[2025-06-10T05:02:26.972+0000] {processor.py:183} INFO - Processing /home/airflow/.local/lib/python3.12/site-packages/airflow/example_dags/tutorial_dag.py took 0.238 seconds
[2025-06-10T05:02:59.105+0000] {processor.py:161} INFO - Started process (PID=939) to work on /home/airflow/.local/lib/python3.12/site-packages/airflow/example_dags/tutorial_dag.py
[2025-06-10T05:02:59.111+0000] {processor.py:830} INFO - Processing file /home/airflow/.local/lib/python3.12/site-packages/airflow/example_dags/tutorial_dag.py for tasks to queue
[2025-06-10T05:02:59.118+0000] {logging_mixin.py:188} INFO - [2025-06-10T05:02:59.117+0000] {dagbag.py:545} INFO - Filling up the DagBag from /home/airflow/.local/lib/python3.12/site-packages/airflow/example_dags/tutorial_dag.py
[2025-06-10T05:02:59.142+0000] {processor.py:840} INFO - DAG(s) 'tutorial_dag' retrieved from /home/airflow/.local/lib/python3.12/site-packages/airflow/example_dags/tutorial_dag.py
[2025-06-10T05:02:59.211+0000] {logging_mixin.py:188} INFO - [2025-06-10T05:02:59.211+0000] {dag.py:3096} INFO - Sync 1 DAGs
[2025-06-10T05:02:59.248+0000] {logging_mixin.py:188} INFO - [2025-06-10T05:02:59.247+0000] {dag.py:3954} INFO - Setting next_dagrun for tutorial_dag to None, run_after=None
[2025-06-10T05:02:59.311+0000] {processor.py:183} INFO - Processing /home/airflow/.local/lib/python3.12/site-packages/airflow/example_dags/tutorial_dag.py took 0.242 seconds
[2025-06-10T05:03:29.437+0000] {processor.py:161} INFO - Started process (PID=1001) to work on /home/airflow/.local/lib/python3.12/site-packages/airflow/example_dags/tutorial_dag.py
[2025-06-10T05:03:29.439+0000] {processor.py:830} INFO - Processing file /home/airflow/.local/lib/python3.12/site-packages/airflow/example_dags/tutorial_dag.py for tasks to queue
[2025-06-10T05:03:29.443+0000] {logging_mixin.py:188} INFO - [2025-06-10T05:03:29.442+0000] {dagbag.py:545} INFO - Filling up the DagBag from /home/airflow/.local/lib/python3.12/site-packages/airflow/example_dags/tutorial_dag.py
[2025-06-10T05:03:29.455+0000] {processor.py:840} INFO - DAG(s) 'tutorial_dag' retrieved from /home/airflow/.local/lib/python3.12/site-packages/airflow/example_dags/tutorial_dag.py
[2025-06-10T05:03:29.483+0000] {logging_mixin.py:188} INFO - [2025-06-10T05:03:29.482+0000] {dag.py:3096} INFO - Sync 1 DAGs
[2025-06-10T05:03:29.504+0000] {logging_mixin.py:188} INFO - [2025-06-10T05:03:29.503+0000] {dag.py:3954} INFO - Setting next_dagrun for tutorial_dag to None, run_after=None
[2025-06-10T05:03:29.544+0000] {processor.py:183} INFO - Processing /home/airflow/.local/lib/python3.12/site-packages/airflow/example_dags/tutorial_dag.py took 0.119 seconds
[2025-06-10T05:03:59.997+0000] {processor.py:161} INFO - Started process (PID=1064) to work on /home/airflow/.local/lib/python3.12/site-packages/airflow/example_dags/tutorial_dag.py
[2025-06-10T05:03:59.998+0000] {processor.py:830} INFO - Processing file /home/airflow/.local/lib/python3.12/site-packages/airflow/example_dags/tutorial_dag.py for tasks to queue
[2025-06-10T05:04:00.001+0000] {logging_mixin.py:188} INFO - [2025-06-10T05:04:00.000+0000] {dagbag.py:545} INFO - Filling up the DagBag from /home/airflow/.local/lib/python3.12/site-packages/airflow/example_dags/tutorial_dag.py
[2025-06-10T05:04:00.011+0000] {processor.py:840} INFO - DAG(s) 'tutorial_dag' retrieved from /home/airflow/.local/lib/python3.12/site-packages/airflow/example_dags/tutorial_dag.py
[2025-06-10T05:04:00.039+0000] {logging_mixin.py:188} INFO - [2025-06-10T05:04:00.039+0000] {dag.py:3096} INFO - Sync 1 DAGs
[2025-06-10T05:04:00.057+0000] {logging_mixin.py:188} INFO - [2025-06-10T05:04:00.056+0000] {dag.py:3954} INFO - Setting next_dagrun for tutorial_dag to None, run_after=None
[2025-06-10T05:04:00.096+0000] {processor.py:183} INFO - Processing /home/airflow/.local/lib/python3.12/site-packages/airflow/example_dags/tutorial_dag.py took 0.111 seconds
[2025-06-10T05:04:30.790+0000] {processor.py:161} INFO - Started process (PID=1127) to work on /home/airflow/.local/lib/python3.12/site-packages/airflow/example_dags/tutorial_dag.py
[2025-06-10T05:04:30.793+0000] {processor.py:830} INFO - Processing file /home/airflow/.local/lib/python3.12/site-packages/airflow/example_dags/tutorial_dag.py for tasks to queue
[2025-06-10T05:04:30.797+0000] {logging_mixin.py:188} INFO - [2025-06-10T05:04:30.796+0000] {dagbag.py:545} INFO - Filling up the DagBag from /home/airflow/.local/lib/python3.12/site-packages/airflow/example_dags/tutorial_dag.py
[2025-06-10T05:04:30.809+0000] {processor.py:840} INFO - DAG(s) 'tutorial_dag' retrieved from /home/airflow/.local/lib/python3.12/site-packages/airflow/example_dags/tutorial_dag.py
[2025-06-10T05:04:30.846+0000] {logging_mixin.py:188} INFO - [2025-06-10T05:04:30.845+0000] {dag.py:3096} INFO - Sync 1 DAGs
[2025-06-10T05:04:30.862+0000] {logging_mixin.py:188} INFO - [2025-06-10T05:04:30.862+0000] {dag.py:3954} INFO - Setting next_dagrun for tutorial_dag to None, run_after=None
[2025-06-10T05:04:30.893+0000] {processor.py:183} INFO - Processing /home/airflow/.local/lib/python3.12/site-packages/airflow/example_dags/tutorial_dag.py took 0.115 seconds
[2025-06-10T05:05:01.663+0000] {processor.py:161} INFO - Started process (PID=1190) to work on /home/airflow/.local/lib/python3.12/site-packages/airflow/example_dags/tutorial_dag.py
[2025-06-10T05:05:01.664+0000] {processor.py:830} INFO - Processing file /home/airflow/.local/lib/python3.12/site-packages/airflow/example_dags/tutorial_dag.py for tasks to queue
[2025-06-10T05:05:01.666+0000] {logging_mixin.py:188} INFO - [2025-06-10T05:05:01.666+0000] {dagbag.py:545} INFO - Filling up the DagBag from /home/airflow/.local/lib/python3.12/site-packages/airflow/example_dags/tutorial_dag.py
[2025-06-10T05:05:01.673+0000] {processor.py:840} INFO - DAG(s) 'tutorial_dag' retrieved from /home/airflow/.local/lib/python3.12/site-packages/airflow/example_dags/tutorial_dag.py
[2025-06-10T05:05:01.695+0000] {logging_mixin.py:188} INFO - [2025-06-10T05:05:01.695+0000] {dag.py:3096} INFO - Sync 1 DAGs
[2025-06-10T05:05:01.710+0000] {logging_mixin.py:188} INFO - [2025-06-10T05:05:01.710+0000] {dag.py:3954} INFO - Setting next_dagrun for tutorial_dag to None, run_after=None
[2025-06-10T05:05:01.738+0000] {processor.py:183} INFO - Processing /home/airflow/.local/lib/python3.12/site-packages/airflow/example_dags/tutorial_dag.py took 0.082 seconds
[2025-06-10T05:05:31.961+0000] {processor.py:161} INFO - Started process (PID=1252) to work on /home/airflow/.local/lib/python3.12/site-packages/airflow/example_dags/tutorial_dag.py
[2025-06-10T05:05:31.963+0000] {processor.py:830} INFO - Processing file /home/airflow/.local/lib/python3.12/site-packages/airflow/example_dags/tutorial_dag.py for tasks to queue
[2025-06-10T05:05:31.967+0000] {logging_mixin.py:188} INFO - [2025-06-10T05:05:31.966+0000] {dagbag.py:545} INFO - Filling up the DagBag from /home/airflow/.local/lib/python3.12/site-packages/airflow/example_dags/tutorial_dag.py
[2025-06-10T05:05:31.975+0000] {processor.py:840} INFO - DAG(s) 'tutorial_dag' retrieved from /home/airflow/.local/lib/python3.12/site-packages/airflow/example_dags/tutorial_dag.py
[2025-06-10T05:05:32.005+0000] {logging_mixin.py:188} INFO - [2025-06-10T05:05:32.005+0000] {dag.py:3096} INFO - Sync 1 DAGs
[2025-06-10T05:05:32.021+0000] {logging_mixin.py:188} INFO - [2025-06-10T05:05:32.020+0000] {dag.py:3954} INFO - Setting next_dagrun for tutorial_dag to None, run_after=None
[2025-06-10T05:05:32.050+0000] {processor.py:183} INFO - Processing /home/airflow/.local/lib/python3.12/site-packages/airflow/example_dags/tutorial_dag.py took 0.101 seconds
[2025-06-10T05:06:02.537+0000] {processor.py:161} INFO - Started process (PID=1314) to work on /home/airflow/.local/lib/python3.12/site-packages/airflow/example_dags/tutorial_dag.py
[2025-06-10T05:06:02.538+0000] {processor.py:830} INFO - Processing file /home/airflow/.local/lib/python3.12/site-packages/airflow/example_dags/tutorial_dag.py for tasks to queue
[2025-06-10T05:06:02.542+0000] {logging_mixin.py:188} INFO - [2025-06-10T05:06:02.541+0000] {dagbag.py:545} INFO - Filling up the DagBag from /home/airflow/.local/lib/python3.12/site-packages/airflow/example_dags/tutorial_dag.py
[2025-06-10T05:06:02.563+0000] {processor.py:840} INFO - DAG(s) 'tutorial_dag' retrieved from /home/airflow/.local/lib/python3.12/site-packages/airflow/example_dags/tutorial_dag.py
[2025-06-10T05:06:02.603+0000] {logging_mixin.py:188} INFO - [2025-06-10T05:06:02.602+0000] {dag.py:3096} INFO - Sync 1 DAGs
[2025-06-10T05:06:02.622+0000] {logging_mixin.py:188} INFO - [2025-06-10T05:06:02.622+0000] {dag.py:3954} INFO - Setting next_dagrun for tutorial_dag to None, run_after=None
[2025-06-10T05:06:02.691+0000] {processor.py:183} INFO - Processing /home/airflow/.local/lib/python3.12/site-packages/airflow/example_dags/tutorial_dag.py took 0.165 seconds
[2025-06-10T05:06:33.637+0000] {processor.py:161} INFO - Started process (PID=1377) to work on /home/airflow/.local/lib/python3.12/site-packages/airflow/example_dags/tutorial_dag.py
[2025-06-10T05:06:33.639+0000] {processor.py:830} INFO - Processing file /home/airflow/.local/lib/python3.12/site-packages/airflow/example_dags/tutorial_dag.py for tasks to queue
[2025-06-10T05:06:33.641+0000] {logging_mixin.py:188} INFO - [2025-06-10T05:06:33.641+0000] {dagbag.py:545} INFO - Filling up the DagBag from /home/airflow/.local/lib/python3.12/site-packages/airflow/example_dags/tutorial_dag.py
[2025-06-10T05:06:33.647+0000] {processor.py:840} INFO - DAG(s) 'tutorial_dag' retrieved from /home/airflow/.local/lib/python3.12/site-packages/airflow/example_dags/tutorial_dag.py
[2025-06-10T05:06:33.671+0000] {logging_mixin.py:188} INFO - [2025-06-10T05:06:33.670+0000] {dag.py:3096} INFO - Sync 1 DAGs
[2025-06-10T05:06:33.688+0000] {logging_mixin.py:188} INFO - [2025-06-10T05:06:33.688+0000] {dag.py:3954} INFO - Setting next_dagrun for tutorial_dag to None, run_after=None
[2025-06-10T05:06:33.721+0000] {processor.py:183} INFO - Processing /home/airflow/.local/lib/python3.12/site-packages/airflow/example_dags/tutorial_dag.py took 0.091 seconds
[2025-06-10T05:07:03.763+0000] {processor.py:161} INFO - Started process (PID=1440) to work on /home/airflow/.local/lib/python3.12/site-packages/airflow/example_dags/tutorial_dag.py
[2025-06-10T05:07:03.766+0000] {processor.py:830} INFO - Processing file /home/airflow/.local/lib/python3.12/site-packages/airflow/example_dags/tutorial_dag.py for tasks to queue
[2025-06-10T05:07:03.770+0000] {logging_mixin.py:188} INFO - [2025-06-10T05:07:03.769+0000] {dagbag.py:545} INFO - Filling up the DagBag from /home/airflow/.local/lib/python3.12/site-packages/airflow/example_dags/tutorial_dag.py
[2025-06-10T05:07:03.781+0000] {processor.py:840} INFO - DAG(s) 'tutorial_dag' retrieved from /home/airflow/.local/lib/python3.12/site-packages/airflow/example_dags/tutorial_dag.py
[2025-06-10T05:07:03.822+0000] {logging_mixin.py:188} INFO - [2025-06-10T05:07:03.822+0000] {dag.py:3096} INFO - Sync 1 DAGs
[2025-06-10T05:07:03.849+0000] {logging_mixin.py:188} INFO - [2025-06-10T05:07:03.848+0000] {dag.py:3954} INFO - Setting next_dagrun for tutorial_dag to None, run_after=None
[2025-06-10T05:07:03.888+0000] {processor.py:183} INFO - Processing /home/airflow/.local/lib/python3.12/site-packages/airflow/example_dags/tutorial_dag.py took 0.138 seconds
[2025-06-10T05:07:34.381+0000] {processor.py:161} INFO - Started process (PID=1502) to work on /home/airflow/.local/lib/python3.12/site-packages/airflow/example_dags/tutorial_dag.py
[2025-06-10T05:07:34.383+0000] {processor.py:830} INFO - Processing file /home/airflow/.local/lib/python3.12/site-packages/airflow/example_dags/tutorial_dag.py for tasks to queue
[2025-06-10T05:07:34.385+0000] {logging_mixin.py:188} INFO - [2025-06-10T05:07:34.385+0000] {dagbag.py:545} INFO - Filling up the DagBag from /home/airflow/.local/lib/python3.12/site-packages/airflow/example_dags/tutorial_dag.py
[2025-06-10T05:07:34.392+0000] {processor.py:840} INFO - DAG(s) 'tutorial_dag' retrieved from /home/airflow/.local/lib/python3.12/site-packages/airflow/example_dags/tutorial_dag.py
[2025-06-10T05:07:34.429+0000] {logging_mixin.py:188} INFO - [2025-06-10T05:07:34.428+0000] {dag.py:3096} INFO - Sync 1 DAGs
[2025-06-10T05:07:34.445+0000] {logging_mixin.py:188} INFO - [2025-06-10T05:07:34.445+0000] {dag.py:3954} INFO - Setting next_dagrun for tutorial_dag to None, run_after=None
[2025-06-10T05:07:34.476+0000] {processor.py:183} INFO - Processing /home/airflow/.local/lib/python3.12/site-packages/airflow/example_dags/tutorial_dag.py took 0.107 seconds
[2025-06-10T05:08:05.473+0000] {processor.py:161} INFO - Started process (PID=1571) to work on /home/airflow/.local/lib/python3.12/site-packages/airflow/example_dags/tutorial_dag.py
[2025-06-10T05:08:05.475+0000] {processor.py:830} INFO - Processing file /home/airflow/.local/lib/python3.12/site-packages/airflow/example_dags/tutorial_dag.py for tasks to queue
[2025-06-10T05:08:05.478+0000] {logging_mixin.py:188} INFO - [2025-06-10T05:08:05.477+0000] {dagbag.py:545} INFO - Filling up the DagBag from /home/airflow/.local/lib/python3.12/site-packages/airflow/example_dags/tutorial_dag.py
[2025-06-10T05:08:05.485+0000] {processor.py:840} INFO - DAG(s) 'tutorial_dag' retrieved from /home/airflow/.local/lib/python3.12/site-packages/airflow/example_dags/tutorial_dag.py
[2025-06-10T05:08:05.513+0000] {logging_mixin.py:188} INFO - [2025-06-10T05:08:05.513+0000] {dag.py:3096} INFO - Sync 1 DAGs
[2025-06-10T05:08:05.529+0000] {logging_mixin.py:188} INFO - [2025-06-10T05:08:05.528+0000] {dag.py:3954} INFO - Setting next_dagrun for tutorial_dag to None, run_after=None
[2025-06-10T05:08:05.559+0000] {processor.py:183} INFO - Processing /home/airflow/.local/lib/python3.12/site-packages/airflow/example_dags/tutorial_dag.py took 0.094 seconds
[2025-06-10T05:08:35.805+0000] {processor.py:161} INFO - Started process (PID=1633) to work on /home/airflow/.local/lib/python3.12/site-packages/airflow/example_dags/tutorial_dag.py
[2025-06-10T05:08:35.809+0000] {processor.py:830} INFO - Processing file /home/airflow/.local/lib/python3.12/site-packages/airflow/example_dags/tutorial_dag.py for tasks to queue
[2025-06-10T05:08:35.814+0000] {logging_mixin.py:188} INFO - [2025-06-10T05:08:35.811+0000] {dagbag.py:545} INFO - Filling up the DagBag from /home/airflow/.local/lib/python3.12/site-packages/airflow/example_dags/tutorial_dag.py
[2025-06-10T05:08:35.826+0000] {processor.py:840} INFO - DAG(s) 'tutorial_dag' retrieved from /home/airflow/.local/lib/python3.12/site-packages/airflow/example_dags/tutorial_dag.py
[2025-06-10T05:08:35.861+0000] {logging_mixin.py:188} INFO - [2025-06-10T05:08:35.861+0000] {dag.py:3096} INFO - Sync 1 DAGs
[2025-06-10T05:08:35.892+0000] {logging_mixin.py:188} INFO - [2025-06-10T05:08:35.892+0000] {dag.py:3954} INFO - Setting next_dagrun for tutorial_dag to None, run_after=None
[2025-06-10T05:08:35.952+0000] {processor.py:183} INFO - Processing /home/airflow/.local/lib/python3.12/site-packages/airflow/example_dags/tutorial_dag.py took 0.165 seconds
[2025-06-10T05:09:06.956+0000] {processor.py:161} INFO - Started process (PID=1696) to work on /home/airflow/.local/lib/python3.12/site-packages/airflow/example_dags/tutorial_dag.py
[2025-06-10T05:09:06.957+0000] {processor.py:830} INFO - Processing file /home/airflow/.local/lib/python3.12/site-packages/airflow/example_dags/tutorial_dag.py for tasks to queue
[2025-06-10T05:09:06.960+0000] {logging_mixin.py:188} INFO - [2025-06-10T05:09:06.959+0000] {dagbag.py:545} INFO - Filling up the DagBag from /home/airflow/.local/lib/python3.12/site-packages/airflow/example_dags/tutorial_dag.py
[2025-06-10T05:09:06.966+0000] {processor.py:840} INFO - DAG(s) 'tutorial_dag' retrieved from /home/airflow/.local/lib/python3.12/site-packages/airflow/example_dags/tutorial_dag.py
[2025-06-10T05:09:06.989+0000] {logging_mixin.py:188} INFO - [2025-06-10T05:09:06.989+0000] {dag.py:3096} INFO - Sync 1 DAGs
[2025-06-10T05:09:07.005+0000] {logging_mixin.py:188} INFO - [2025-06-10T05:09:07.005+0000] {dag.py:3954} INFO - Setting next_dagrun for tutorial_dag to None, run_after=None
[2025-06-10T05:09:07.035+0000] {processor.py:183} INFO - Processing /home/airflow/.local/lib/python3.12/site-packages/airflow/example_dags/tutorial_dag.py took 0.091 seconds
[2025-06-10T05:09:38.127+0000] {processor.py:161} INFO - Started process (PID=1759) to work on /home/airflow/.local/lib/python3.12/site-packages/airflow/example_dags/tutorial_dag.py
[2025-06-10T05:09:38.130+0000] {processor.py:830} INFO - Processing file /home/airflow/.local/lib/python3.12/site-packages/airflow/example_dags/tutorial_dag.py for tasks to queue
[2025-06-10T05:09:38.137+0000] {logging_mixin.py:188} INFO - [2025-06-10T05:09:38.137+0000] {dagbag.py:545} INFO - Filling up the DagBag from /home/airflow/.local/lib/python3.12/site-packages/airflow/example_dags/tutorial_dag.py
[2025-06-10T05:09:38.150+0000] {processor.py:840} INFO - DAG(s) 'tutorial_dag' retrieved from /home/airflow/.local/lib/python3.12/site-packages/airflow/example_dags/tutorial_dag.py
[2025-06-10T05:09:38.197+0000] {logging_mixin.py:188} INFO - [2025-06-10T05:09:38.196+0000] {dag.py:3096} INFO - Sync 1 DAGs
[2025-06-10T05:09:38.218+0000] {logging_mixin.py:188} INFO - [2025-06-10T05:09:38.218+0000] {dag.py:3954} INFO - Setting next_dagrun for tutorial_dag to None, run_after=None
[2025-06-10T05:09:38.263+0000] {processor.py:183} INFO - Processing /home/airflow/.local/lib/python3.12/site-packages/airflow/example_dags/tutorial_dag.py took 0.154 seconds
[2025-06-10T05:10:08.430+0000] {processor.py:161} INFO - Started process (PID=1822) to work on /home/airflow/.local/lib/python3.12/site-packages/airflow/example_dags/tutorial_dag.py
[2025-06-10T05:10:08.431+0000] {processor.py:830} INFO - Processing file /home/airflow/.local/lib/python3.12/site-packages/airflow/example_dags/tutorial_dag.py for tasks to queue
[2025-06-10T05:10:08.434+0000] {logging_mixin.py:188} INFO - [2025-06-10T05:10:08.433+0000] {dagbag.py:545} INFO - Filling up the DagBag from /home/airflow/.local/lib/python3.12/site-packages/airflow/example_dags/tutorial_dag.py
[2025-06-10T05:10:08.445+0000] {processor.py:840} INFO - DAG(s) 'tutorial_dag' retrieved from /home/airflow/.local/lib/python3.12/site-packages/airflow/example_dags/tutorial_dag.py
[2025-06-10T05:10:08.485+0000] {logging_mixin.py:188} INFO - [2025-06-10T05:10:08.484+0000] {dag.py:3096} INFO - Sync 1 DAGs
[2025-06-10T05:10:08.513+0000] {logging_mixin.py:188} INFO - [2025-06-10T05:10:08.512+0000] {dag.py:3954} INFO - Setting next_dagrun for tutorial_dag to None, run_after=None
[2025-06-10T05:10:08.577+0000] {processor.py:183} INFO - Processing /home/airflow/.local/lib/python3.12/site-packages/airflow/example_dags/tutorial_dag.py took 0.158 seconds
[2025-06-10T05:10:39.114+0000] {processor.py:161} INFO - Started process (PID=1885) to work on /home/airflow/.local/lib/python3.12/site-packages/airflow/example_dags/tutorial_dag.py
[2025-06-10T05:10:39.116+0000] {processor.py:830} INFO - Processing file /home/airflow/.local/lib/python3.12/site-packages/airflow/example_dags/tutorial_dag.py for tasks to queue
[2025-06-10T05:10:39.118+0000] {logging_mixin.py:188} INFO - [2025-06-10T05:10:39.118+0000] {dagbag.py:545} INFO - Filling up the DagBag from /home/airflow/.local/lib/python3.12/site-packages/airflow/example_dags/tutorial_dag.py
[2025-06-10T05:10:39.125+0000] {processor.py:840} INFO - DAG(s) 'tutorial_dag' retrieved from /home/airflow/.local/lib/python3.12/site-packages/airflow/example_dags/tutorial_dag.py
[2025-06-10T05:10:39.150+0000] {logging_mixin.py:188} INFO - [2025-06-10T05:10:39.150+0000] {dag.py:3096} INFO - Sync 1 DAGs
[2025-06-10T05:10:39.167+0000] {logging_mixin.py:188} INFO - [2025-06-10T05:10:39.167+0000] {dag.py:3954} INFO - Setting next_dagrun for tutorial_dag to None, run_after=None
[2025-06-10T05:10:39.200+0000] {processor.py:183} INFO - Processing /home/airflow/.local/lib/python3.12/site-packages/airflow/example_dags/tutorial_dag.py took 0.094 seconds
[2025-06-10T05:11:09.808+0000] {processor.py:161} INFO - Started process (PID=1948) to work on /home/airflow/.local/lib/python3.12/site-packages/airflow/example_dags/tutorial_dag.py
[2025-06-10T05:11:09.809+0000] {processor.py:830} INFO - Processing file /home/airflow/.local/lib/python3.12/site-packages/airflow/example_dags/tutorial_dag.py for tasks to queue
[2025-06-10T05:11:09.812+0000] {logging_mixin.py:188} INFO - [2025-06-10T05:11:09.811+0000] {dagbag.py:545} INFO - Filling up the DagBag from /home/airflow/.local/lib/python3.12/site-packages/airflow/example_dags/tutorial_dag.py
[2025-06-10T05:11:09.819+0000] {processor.py:840} INFO - DAG(s) 'tutorial_dag' retrieved from /home/airflow/.local/lib/python3.12/site-packages/airflow/example_dags/tutorial_dag.py
[2025-06-10T05:11:09.846+0000] {logging_mixin.py:188} INFO - [2025-06-10T05:11:09.845+0000] {dag.py:3096} INFO - Sync 1 DAGs
[2025-06-10T05:11:09.861+0000] {logging_mixin.py:188} INFO - [2025-06-10T05:11:09.861+0000] {dag.py:3954} INFO - Setting next_dagrun for tutorial_dag to None, run_after=None
[2025-06-10T05:11:09.889+0000] {processor.py:183} INFO - Processing /home/airflow/.local/lib/python3.12/site-packages/airflow/example_dags/tutorial_dag.py took 0.089 seconds
[2025-06-10T05:11:40.174+0000] {processor.py:161} INFO - Started process (PID=2011) to work on /home/airflow/.local/lib/python3.12/site-packages/airflow/example_dags/tutorial_dag.py
[2025-06-10T05:11:40.175+0000] {processor.py:830} INFO - Processing file /home/airflow/.local/lib/python3.12/site-packages/airflow/example_dags/tutorial_dag.py for tasks to queue
[2025-06-10T05:11:40.178+0000] {logging_mixin.py:188} INFO - [2025-06-10T05:11:40.177+0000] {dagbag.py:545} INFO - Filling up the DagBag from /home/airflow/.local/lib/python3.12/site-packages/airflow/example_dags/tutorial_dag.py
[2025-06-10T05:11:40.185+0000] {processor.py:840} INFO - DAG(s) 'tutorial_dag' retrieved from /home/airflow/.local/lib/python3.12/site-packages/airflow/example_dags/tutorial_dag.py
[2025-06-10T05:11:40.219+0000] {logging_mixin.py:188} INFO - [2025-06-10T05:11:40.219+0000] {dag.py:3096} INFO - Sync 1 DAGs
[2025-06-10T05:11:40.244+0000] {logging_mixin.py:188} INFO - [2025-06-10T05:11:40.244+0000] {dag.py:3954} INFO - Setting next_dagrun for tutorial_dag to None, run_after=None
[2025-06-10T05:11:40.287+0000] {processor.py:183} INFO - Processing /home/airflow/.local/lib/python3.12/site-packages/airflow/example_dags/tutorial_dag.py took 0.122 seconds
[2025-06-10T05:12:10.521+0000] {processor.py:161} INFO - Started process (PID=2074) to work on /home/airflow/.local/lib/python3.12/site-packages/airflow/example_dags/tutorial_dag.py
[2025-06-10T05:12:10.523+0000] {processor.py:830} INFO - Processing file /home/airflow/.local/lib/python3.12/site-packages/airflow/example_dags/tutorial_dag.py for tasks to queue
[2025-06-10T05:12:10.527+0000] {logging_mixin.py:188} INFO - [2025-06-10T05:12:10.526+0000] {dagbag.py:545} INFO - Filling up the DagBag from /home/airflow/.local/lib/python3.12/site-packages/airflow/example_dags/tutorial_dag.py
[2025-06-10T05:12:10.541+0000] {processor.py:840} INFO - DAG(s) 'tutorial_dag' retrieved from /home/airflow/.local/lib/python3.12/site-packages/airflow/example_dags/tutorial_dag.py
[2025-06-10T05:12:10.577+0000] {logging_mixin.py:188} INFO - [2025-06-10T05:12:10.576+0000] {dag.py:3096} INFO - Sync 1 DAGs
[2025-06-10T05:12:10.602+0000] {logging_mixin.py:188} INFO - [2025-06-10T05:12:10.601+0000] {dag.py:3954} INFO - Setting next_dagrun for tutorial_dag to None, run_after=None
[2025-06-10T05:12:10.637+0000] {processor.py:183} INFO - Processing /home/airflow/.local/lib/python3.12/site-packages/airflow/example_dags/tutorial_dag.py took 0.128 seconds
[2025-06-10T05:12:40.839+0000] {processor.py:161} INFO - Started process (PID=2137) to work on /home/airflow/.local/lib/python3.12/site-packages/airflow/example_dags/tutorial_dag.py
[2025-06-10T05:12:40.840+0000] {processor.py:830} INFO - Processing file /home/airflow/.local/lib/python3.12/site-packages/airflow/example_dags/tutorial_dag.py for tasks to queue
[2025-06-10T05:12:40.842+0000] {logging_mixin.py:188} INFO - [2025-06-10T05:12:40.842+0000] {dagbag.py:545} INFO - Filling up the DagBag from /home/airflow/.local/lib/python3.12/site-packages/airflow/example_dags/tutorial_dag.py
[2025-06-10T05:12:40.850+0000] {processor.py:840} INFO - DAG(s) 'tutorial_dag' retrieved from /home/airflow/.local/lib/python3.12/site-packages/airflow/example_dags/tutorial_dag.py
[2025-06-10T05:12:40.875+0000] {logging_mixin.py:188} INFO - [2025-06-10T05:12:40.874+0000] {dag.py:3096} INFO - Sync 1 DAGs
[2025-06-10T05:12:40.891+0000] {logging_mixin.py:188} INFO - [2025-06-10T05:12:40.891+0000] {dag.py:3954} INFO - Setting next_dagrun for tutorial_dag to None, run_after=None
[2025-06-10T05:12:40.920+0000] {processor.py:183} INFO - Processing /home/airflow/.local/lib/python3.12/site-packages/airflow/example_dags/tutorial_dag.py took 0.088 seconds
[2025-06-10T05:13:11.205+0000] {processor.py:161} INFO - Started process (PID=2200) to work on /home/airflow/.local/lib/python3.12/site-packages/airflow/example_dags/tutorial_dag.py
[2025-06-10T05:13:11.207+0000] {processor.py:830} INFO - Processing file /home/airflow/.local/lib/python3.12/site-packages/airflow/example_dags/tutorial_dag.py for tasks to queue
[2025-06-10T05:13:11.209+0000] {logging_mixin.py:188} INFO - [2025-06-10T05:13:11.209+0000] {dagbag.py:545} INFO - Filling up the DagBag from /home/airflow/.local/lib/python3.12/site-packages/airflow/example_dags/tutorial_dag.py
[2025-06-10T05:13:11.216+0000] {processor.py:840} INFO - DAG(s) 'tutorial_dag' retrieved from /home/airflow/.local/lib/python3.12/site-packages/airflow/example_dags/tutorial_dag.py
[2025-06-10T05:13:11.242+0000] {logging_mixin.py:188} INFO - [2025-06-10T05:13:11.242+0000] {dag.py:3096} INFO - Sync 1 DAGs
[2025-06-10T05:13:11.258+0000] {logging_mixin.py:188} INFO - [2025-06-10T05:13:11.258+0000] {dag.py:3954} INFO - Setting next_dagrun for tutorial_dag to None, run_after=None
[2025-06-10T05:13:11.289+0000] {processor.py:183} INFO - Processing /home/airflow/.local/lib/python3.12/site-packages/airflow/example_dags/tutorial_dag.py took 0.092 seconds
[2025-06-10T05:13:41.619+0000] {processor.py:161} INFO - Started process (PID=2263) to work on /home/airflow/.local/lib/python3.12/site-packages/airflow/example_dags/tutorial_dag.py
[2025-06-10T05:13:41.621+0000] {processor.py:830} INFO - Processing file /home/airflow/.local/lib/python3.12/site-packages/airflow/example_dags/tutorial_dag.py for tasks to queue
[2025-06-10T05:13:41.624+0000] {logging_mixin.py:188} INFO - [2025-06-10T05:13:41.623+0000] {dagbag.py:545} INFO - Filling up the DagBag from /home/airflow/.local/lib/python3.12/site-packages/airflow/example_dags/tutorial_dag.py
[2025-06-10T05:13:41.632+0000] {processor.py:840} INFO - DAG(s) 'tutorial_dag' retrieved from /home/airflow/.local/lib/python3.12/site-packages/airflow/example_dags/tutorial_dag.py
[2025-06-10T05:13:41.665+0000] {logging_mixin.py:188} INFO - [2025-06-10T05:13:41.664+0000] {dag.py:3096} INFO - Sync 1 DAGs
[2025-06-10T05:13:41.693+0000] {logging_mixin.py:188} INFO - [2025-06-10T05:13:41.692+0000] {dag.py:3954} INFO - Setting next_dagrun for tutorial_dag to None, run_after=None
[2025-06-10T05:13:41.744+0000] {processor.py:183} INFO - Processing /home/airflow/.local/lib/python3.12/site-packages/airflow/example_dags/tutorial_dag.py took 0.134 seconds
[2025-06-10T05:14:11.938+0000] {processor.py:161} INFO - Started process (PID=2326) to work on /home/airflow/.local/lib/python3.12/site-packages/airflow/example_dags/tutorial_dag.py
[2025-06-10T05:14:11.944+0000] {processor.py:830} INFO - Processing file /home/airflow/.local/lib/python3.12/site-packages/airflow/example_dags/tutorial_dag.py for tasks to queue
[2025-06-10T05:14:11.955+0000] {logging_mixin.py:188} INFO - [2025-06-10T05:14:11.954+0000] {dagbag.py:545} INFO - Filling up the DagBag from /home/airflow/.local/lib/python3.12/site-packages/airflow/example_dags/tutorial_dag.py
[2025-06-10T05:14:11.976+0000] {processor.py:840} INFO - DAG(s) 'tutorial_dag' retrieved from /home/airflow/.local/lib/python3.12/site-packages/airflow/example_dags/tutorial_dag.py
[2025-06-10T05:14:12.019+0000] {logging_mixin.py:188} INFO - [2025-06-10T05:14:12.019+0000] {dag.py:3096} INFO - Sync 1 DAGs
[2025-06-10T05:14:12.048+0000] {logging_mixin.py:188} INFO - [2025-06-10T05:14:12.048+0000] {dag.py:3954} INFO - Setting next_dagrun for tutorial_dag to None, run_after=None
[2025-06-10T05:14:12.090+0000] {processor.py:183} INFO - Processing /home/airflow/.local/lib/python3.12/site-packages/airflow/example_dags/tutorial_dag.py took 0.179 seconds
[2025-06-10T05:14:42.576+0000] {processor.py:161} INFO - Started process (PID=2389) to work on /home/airflow/.local/lib/python3.12/site-packages/airflow/example_dags/tutorial_dag.py
[2025-06-10T05:14:42.578+0000] {processor.py:830} INFO - Processing file /home/airflow/.local/lib/python3.12/site-packages/airflow/example_dags/tutorial_dag.py for tasks to queue
[2025-06-10T05:14:42.582+0000] {logging_mixin.py:188} INFO - [2025-06-10T05:14:42.581+0000] {dagbag.py:545} INFO - Filling up the DagBag from /home/airflow/.local/lib/python3.12/site-packages/airflow/example_dags/tutorial_dag.py
[2025-06-10T05:14:42.592+0000] {processor.py:840} INFO - DAG(s) 'tutorial_dag' retrieved from /home/airflow/.local/lib/python3.12/site-packages/airflow/example_dags/tutorial_dag.py
[2025-06-10T05:14:42.625+0000] {logging_mixin.py:188} INFO - [2025-06-10T05:14:42.625+0000] {dag.py:3096} INFO - Sync 1 DAGs
[2025-06-10T05:14:42.642+0000] {logging_mixin.py:188} INFO - [2025-06-10T05:14:42.642+0000] {dag.py:3954} INFO - Setting next_dagrun for tutorial_dag to None, run_after=None
[2025-06-10T05:14:42.675+0000] {processor.py:183} INFO - Processing /home/airflow/.local/lib/python3.12/site-packages/airflow/example_dags/tutorial_dag.py took 0.115 seconds
[2025-06-10T05:15:13.091+0000] {processor.py:161} INFO - Started process (PID=2452) to work on /home/airflow/.local/lib/python3.12/site-packages/airflow/example_dags/tutorial_dag.py
[2025-06-10T05:15:13.093+0000] {processor.py:830} INFO - Processing file /home/airflow/.local/lib/python3.12/site-packages/airflow/example_dags/tutorial_dag.py for tasks to queue
[2025-06-10T05:15:13.096+0000] {logging_mixin.py:188} INFO - [2025-06-10T05:15:13.096+0000] {dagbag.py:545} INFO - Filling up the DagBag from /home/airflow/.local/lib/python3.12/site-packages/airflow/example_dags/tutorial_dag.py
[2025-06-10T05:15:13.103+0000] {processor.py:840} INFO - DAG(s) 'tutorial_dag' retrieved from /home/airflow/.local/lib/python3.12/site-packages/airflow/example_dags/tutorial_dag.py
[2025-06-10T05:15:13.128+0000] {logging_mixin.py:188} INFO - [2025-06-10T05:15:13.128+0000] {dag.py:3096} INFO - Sync 1 DAGs
[2025-06-10T05:15:13.146+0000] {logging_mixin.py:188} INFO - [2025-06-10T05:15:13.146+0000] {dag.py:3954} INFO - Setting next_dagrun for tutorial_dag to None, run_after=None
[2025-06-10T05:15:13.178+0000] {processor.py:183} INFO - Processing /home/airflow/.local/lib/python3.12/site-packages/airflow/example_dags/tutorial_dag.py took 0.098 seconds
[2025-06-10T05:15:43.978+0000] {processor.py:161} INFO - Started process (PID=2515) to work on /home/airflow/.local/lib/python3.12/site-packages/airflow/example_dags/tutorial_dag.py
[2025-06-10T05:15:43.978+0000] {processor.py:830} INFO - Processing file /home/airflow/.local/lib/python3.12/site-packages/airflow/example_dags/tutorial_dag.py for tasks to queue
[2025-06-10T05:15:43.980+0000] {logging_mixin.py:188} INFO - [2025-06-10T05:15:43.980+0000] {dagbag.py:545} INFO - Filling up the DagBag from /home/airflow/.local/lib/python3.12/site-packages/airflow/example_dags/tutorial_dag.py
[2025-06-10T05:15:43.987+0000] {processor.py:840} INFO - DAG(s) 'tutorial_dag' retrieved from /home/airflow/.local/lib/python3.12/site-packages/airflow/example_dags/tutorial_dag.py
[2025-06-10T05:15:44.008+0000] {logging_mixin.py:188} INFO - [2025-06-10T05:15:44.008+0000] {dag.py:3096} INFO - Sync 1 DAGs
[2025-06-10T05:15:44.021+0000] {logging_mixin.py:188} INFO - [2025-06-10T05:15:44.021+0000] {dag.py:3954} INFO - Setting next_dagrun for tutorial_dag to None, run_after=None
[2025-06-10T05:15:44.051+0000] {processor.py:183} INFO - Processing /home/airflow/.local/lib/python3.12/site-packages/airflow/example_dags/tutorial_dag.py took 0.080 seconds
[2025-06-10T05:16:14.150+0000] {processor.py:161} INFO - Started process (PID=2578) to work on /home/airflow/.local/lib/python3.12/site-packages/airflow/example_dags/tutorial_dag.py
[2025-06-10T05:16:14.152+0000] {processor.py:830} INFO - Processing file /home/airflow/.local/lib/python3.12/site-packages/airflow/example_dags/tutorial_dag.py for tasks to queue
[2025-06-10T05:16:14.154+0000] {logging_mixin.py:188} INFO - [2025-06-10T05:16:14.153+0000] {dagbag.py:545} INFO - Filling up the DagBag from /home/airflow/.local/lib/python3.12/site-packages/airflow/example_dags/tutorial_dag.py
[2025-06-10T05:16:14.160+0000] {processor.py:840} INFO - DAG(s) 'tutorial_dag' retrieved from /home/airflow/.local/lib/python3.12/site-packages/airflow/example_dags/tutorial_dag.py
[2025-06-10T05:16:14.182+0000] {logging_mixin.py:188} INFO - [2025-06-10T05:16:14.182+0000] {dag.py:3096} INFO - Sync 1 DAGs
[2025-06-10T05:16:14.196+0000] {logging_mixin.py:188} INFO - [2025-06-10T05:16:14.196+0000] {dag.py:3954} INFO - Setting next_dagrun for tutorial_dag to None, run_after=None
[2025-06-10T05:16:14.222+0000] {processor.py:183} INFO - Processing /home/airflow/.local/lib/python3.12/site-packages/airflow/example_dags/tutorial_dag.py took 0.079 seconds
[2025-06-10T05:16:44.482+0000] {processor.py:161} INFO - Started process (PID=2641) to work on /home/airflow/.local/lib/python3.12/site-packages/airflow/example_dags/tutorial_dag.py
[2025-06-10T05:16:44.483+0000] {processor.py:830} INFO - Processing file /home/airflow/.local/lib/python3.12/site-packages/airflow/example_dags/tutorial_dag.py for tasks to queue
[2025-06-10T05:16:44.485+0000] {logging_mixin.py:188} INFO - [2025-06-10T05:16:44.485+0000] {dagbag.py:545} INFO - Filling up the DagBag from /home/airflow/.local/lib/python3.12/site-packages/airflow/example_dags/tutorial_dag.py
[2025-06-10T05:16:44.491+0000] {processor.py:840} INFO - DAG(s) 'tutorial_dag' retrieved from /home/airflow/.local/lib/python3.12/site-packages/airflow/example_dags/tutorial_dag.py
[2025-06-10T05:16:44.515+0000] {logging_mixin.py:188} INFO - [2025-06-10T05:16:44.515+0000] {dag.py:3096} INFO - Sync 1 DAGs
[2025-06-10T05:16:44.530+0000] {logging_mixin.py:188} INFO - [2025-06-10T05:16:44.530+0000] {dag.py:3954} INFO - Setting next_dagrun for tutorial_dag to None, run_after=None
[2025-06-10T05:16:44.557+0000] {processor.py:183} INFO - Processing /home/airflow/.local/lib/python3.12/site-packages/airflow/example_dags/tutorial_dag.py took 0.081 seconds
[2025-06-10T05:17:14.864+0000] {processor.py:161} INFO - Started process (PID=2704) to work on /home/airflow/.local/lib/python3.12/site-packages/airflow/example_dags/tutorial_dag.py
[2025-06-10T05:17:14.866+0000] {processor.py:830} INFO - Processing file /home/airflow/.local/lib/python3.12/site-packages/airflow/example_dags/tutorial_dag.py for tasks to queue
[2025-06-10T05:17:14.868+0000] {logging_mixin.py:188} INFO - [2025-06-10T05:17:14.868+0000] {dagbag.py:545} INFO - Filling up the DagBag from /home/airflow/.local/lib/python3.12/site-packages/airflow/example_dags/tutorial_dag.py
[2025-06-10T05:17:14.875+0000] {processor.py:840} INFO - DAG(s) 'tutorial_dag' retrieved from /home/airflow/.local/lib/python3.12/site-packages/airflow/example_dags/tutorial_dag.py
[2025-06-10T05:17:14.897+0000] {logging_mixin.py:188} INFO - [2025-06-10T05:17:14.897+0000] {dag.py:3096} INFO - Sync 1 DAGs
[2025-06-10T05:17:14.912+0000] {logging_mixin.py:188} INFO - [2025-06-10T05:17:14.911+0000] {dag.py:3954} INFO - Setting next_dagrun for tutorial_dag to None, run_after=None
[2025-06-10T05:17:14.937+0000] {processor.py:183} INFO - Processing /home/airflow/.local/lib/python3.12/site-packages/airflow/example_dags/tutorial_dag.py took 0.081 seconds
[2025-06-10T05:17:45.317+0000] {processor.py:161} INFO - Started process (PID=2767) to work on /home/airflow/.local/lib/python3.12/site-packages/airflow/example_dags/tutorial_dag.py
[2025-06-10T05:17:45.320+0000] {processor.py:830} INFO - Processing file /home/airflow/.local/lib/python3.12/site-packages/airflow/example_dags/tutorial_dag.py for tasks to queue
[2025-06-10T05:17:45.324+0000] {logging_mixin.py:188} INFO - [2025-06-10T05:17:45.323+0000] {dagbag.py:545} INFO - Filling up the DagBag from /home/airflow/.local/lib/python3.12/site-packages/airflow/example_dags/tutorial_dag.py
[2025-06-10T05:17:45.338+0000] {processor.py:840} INFO - DAG(s) 'tutorial_dag' retrieved from /home/airflow/.local/lib/python3.12/site-packages/airflow/example_dags/tutorial_dag.py
[2025-06-10T05:17:45.384+0000] {logging_mixin.py:188} INFO - [2025-06-10T05:17:45.383+0000] {dag.py:3096} INFO - Sync 1 DAGs
[2025-06-10T05:17:45.413+0000] {logging_mixin.py:188} INFO - [2025-06-10T05:17:45.412+0000] {dag.py:3954} INFO - Setting next_dagrun for tutorial_dag to None, run_after=None
[2025-06-10T05:17:45.461+0000] {processor.py:183} INFO - Processing /home/airflow/.local/lib/python3.12/site-packages/airflow/example_dags/tutorial_dag.py took 0.158 seconds
[2025-06-10T05:18:15.770+0000] {processor.py:161} INFO - Started process (PID=2830) to work on /home/airflow/.local/lib/python3.12/site-packages/airflow/example_dags/tutorial_dag.py
[2025-06-10T05:18:15.772+0000] {processor.py:830} INFO - Processing file /home/airflow/.local/lib/python3.12/site-packages/airflow/example_dags/tutorial_dag.py for tasks to queue
[2025-06-10T05:18:15.774+0000] {logging_mixin.py:188} INFO - [2025-06-10T05:18:15.774+0000] {dagbag.py:545} INFO - Filling up the DagBag from /home/airflow/.local/lib/python3.12/site-packages/airflow/example_dags/tutorial_dag.py
[2025-06-10T05:18:15.781+0000] {processor.py:840} INFO - DAG(s) 'tutorial_dag' retrieved from /home/airflow/.local/lib/python3.12/site-packages/airflow/example_dags/tutorial_dag.py
[2025-06-10T05:18:15.815+0000] {logging_mixin.py:188} INFO - [2025-06-10T05:18:15.815+0000] {dag.py:3096} INFO - Sync 1 DAGs
[2025-06-10T05:18:15.832+0000] {logging_mixin.py:188} INFO - [2025-06-10T05:18:15.831+0000] {dag.py:3954} INFO - Setting next_dagrun for tutorial_dag to None, run_after=None
[2025-06-10T05:18:15.859+0000] {processor.py:183} INFO - Processing /home/airflow/.local/lib/python3.12/site-packages/airflow/example_dags/tutorial_dag.py took 0.096 seconds
[2025-06-10T05:18:46.440+0000] {processor.py:161} INFO - Started process (PID=2893) to work on /home/airflow/.local/lib/python3.12/site-packages/airflow/example_dags/tutorial_dag.py
[2025-06-10T05:18:46.441+0000] {processor.py:830} INFO - Processing file /home/airflow/.local/lib/python3.12/site-packages/airflow/example_dags/tutorial_dag.py for tasks to queue
[2025-06-10T05:18:46.443+0000] {logging_mixin.py:188} INFO - [2025-06-10T05:18:46.443+0000] {dagbag.py:545} INFO - Filling up the DagBag from /home/airflow/.local/lib/python3.12/site-packages/airflow/example_dags/tutorial_dag.py
[2025-06-10T05:18:46.451+0000] {processor.py:840} INFO - DAG(s) 'tutorial_dag' retrieved from /home/airflow/.local/lib/python3.12/site-packages/airflow/example_dags/tutorial_dag.py
[2025-06-10T05:18:46.483+0000] {logging_mixin.py:188} INFO - [2025-06-10T05:18:46.483+0000] {dag.py:3096} INFO - Sync 1 DAGs
[2025-06-10T05:18:46.500+0000] {logging_mixin.py:188} INFO - [2025-06-10T05:18:46.499+0000] {dag.py:3954} INFO - Setting next_dagrun for tutorial_dag to None, run_after=None
[2025-06-10T05:18:46.529+0000] {processor.py:183} INFO - Processing /home/airflow/.local/lib/python3.12/site-packages/airflow/example_dags/tutorial_dag.py took 0.098 seconds
[2025-06-10T05:19:16.771+0000] {processor.py:161} INFO - Started process (PID=2956) to work on /home/airflow/.local/lib/python3.12/site-packages/airflow/example_dags/tutorial_dag.py
[2025-06-10T05:19:16.773+0000] {processor.py:830} INFO - Processing file /home/airflow/.local/lib/python3.12/site-packages/airflow/example_dags/tutorial_dag.py for tasks to queue
[2025-06-10T05:19:16.776+0000] {logging_mixin.py:188} INFO - [2025-06-10T05:19:16.776+0000] {dagbag.py:545} INFO - Filling up the DagBag from /home/airflow/.local/lib/python3.12/site-packages/airflow/example_dags/tutorial_dag.py
[2025-06-10T05:19:16.783+0000] {processor.py:840} INFO - DAG(s) 'tutorial_dag' retrieved from /home/airflow/.local/lib/python3.12/site-packages/airflow/example_dags/tutorial_dag.py
[2025-06-10T05:19:16.809+0000] {logging_mixin.py:188} INFO - [2025-06-10T05:19:16.809+0000] {dag.py:3096} INFO - Sync 1 DAGs
[2025-06-10T05:19:16.837+0000] {logging_mixin.py:188} INFO - [2025-06-10T05:19:16.837+0000] {dag.py:3954} INFO - Setting next_dagrun for tutorial_dag to None, run_after=None
[2025-06-10T05:19:16.875+0000] {processor.py:183} INFO - Processing /home/airflow/.local/lib/python3.12/site-packages/airflow/example_dags/tutorial_dag.py took 0.117 seconds
[2025-06-10T05:19:47.034+0000] {processor.py:161} INFO - Started process (PID=3019) to work on /home/airflow/.local/lib/python3.12/site-packages/airflow/example_dags/tutorial_dag.py
[2025-06-10T05:19:47.035+0000] {processor.py:830} INFO - Processing file /home/airflow/.local/lib/python3.12/site-packages/airflow/example_dags/tutorial_dag.py for tasks to queue
[2025-06-10T05:19:47.037+0000] {logging_mixin.py:188} INFO - [2025-06-10T05:19:47.037+0000] {dagbag.py:545} INFO - Filling up the DagBag from /home/airflow/.local/lib/python3.12/site-packages/airflow/example_dags/tutorial_dag.py
[2025-06-10T05:19:47.048+0000] {processor.py:840} INFO - DAG(s) 'tutorial_dag' retrieved from /home/airflow/.local/lib/python3.12/site-packages/airflow/example_dags/tutorial_dag.py
[2025-06-10T05:19:47.075+0000] {logging_mixin.py:188} INFO - [2025-06-10T05:19:47.074+0000] {dag.py:3096} INFO - Sync 1 DAGs
[2025-06-10T05:19:47.099+0000] {logging_mixin.py:188} INFO - [2025-06-10T05:19:47.099+0000] {dag.py:3954} INFO - Setting next_dagrun for tutorial_dag to None, run_after=None
[2025-06-10T05:19:47.158+0000] {processor.py:183} INFO - Processing /home/airflow/.local/lib/python3.12/site-packages/airflow/example_dags/tutorial_dag.py took 0.133 seconds
[2025-06-10T05:20:17.560+0000] {processor.py:161} INFO - Started process (PID=3081) to work on /home/airflow/.local/lib/python3.12/site-packages/airflow/example_dags/tutorial_dag.py
[2025-06-10T05:20:17.562+0000] {processor.py:830} INFO - Processing file /home/airflow/.local/lib/python3.12/site-packages/airflow/example_dags/tutorial_dag.py for tasks to queue
[2025-06-10T05:20:17.565+0000] {logging_mixin.py:188} INFO - [2025-06-10T05:20:17.565+0000] {dagbag.py:545} INFO - Filling up the DagBag from /home/airflow/.local/lib/python3.12/site-packages/airflow/example_dags/tutorial_dag.py
[2025-06-10T05:20:17.575+0000] {processor.py:840} INFO - DAG(s) 'tutorial_dag' retrieved from /home/airflow/.local/lib/python3.12/site-packages/airflow/example_dags/tutorial_dag.py
[2025-06-10T05:20:17.600+0000] {logging_mixin.py:188} INFO - [2025-06-10T05:20:17.600+0000] {dag.py:3096} INFO - Sync 1 DAGs
[2025-06-10T05:20:17.616+0000] {logging_mixin.py:188} INFO - [2025-06-10T05:20:17.615+0000] {dag.py:3954} INFO - Setting next_dagrun for tutorial_dag to None, run_after=None
[2025-06-10T05:20:17.648+0000] {processor.py:183} INFO - Processing /home/airflow/.local/lib/python3.12/site-packages/airflow/example_dags/tutorial_dag.py took 0.096 seconds
[2025-06-10T05:20:48.440+0000] {processor.py:161} INFO - Started process (PID=3144) to work on /home/airflow/.local/lib/python3.12/site-packages/airflow/example_dags/tutorial_dag.py
[2025-06-10T05:20:48.441+0000] {processor.py:830} INFO - Processing file /home/airflow/.local/lib/python3.12/site-packages/airflow/example_dags/tutorial_dag.py for tasks to queue
[2025-06-10T05:20:48.444+0000] {logging_mixin.py:188} INFO - [2025-06-10T05:20:48.443+0000] {dagbag.py:545} INFO - Filling up the DagBag from /home/airflow/.local/lib/python3.12/site-packages/airflow/example_dags/tutorial_dag.py
[2025-06-10T05:20:48.452+0000] {processor.py:840} INFO - DAG(s) 'tutorial_dag' retrieved from /home/airflow/.local/lib/python3.12/site-packages/airflow/example_dags/tutorial_dag.py
[2025-06-10T05:20:48.497+0000] {logging_mixin.py:188} INFO - [2025-06-10T05:20:48.496+0000] {dag.py:3096} INFO - Sync 1 DAGs
[2025-06-10T05:20:48.530+0000] {logging_mixin.py:188} INFO - [2025-06-10T05:20:48.529+0000] {dag.py:3954} INFO - Setting next_dagrun for tutorial_dag to None, run_after=None
[2025-06-10T05:20:48.579+0000] {processor.py:183} INFO - Processing /home/airflow/.local/lib/python3.12/site-packages/airflow/example_dags/tutorial_dag.py took 0.149 seconds
[2025-06-10T05:21:19.386+0000] {processor.py:161} INFO - Started process (PID=3207) to work on /home/airflow/.local/lib/python3.12/site-packages/airflow/example_dags/tutorial_dag.py
[2025-06-10T05:21:19.389+0000] {processor.py:830} INFO - Processing file /home/airflow/.local/lib/python3.12/site-packages/airflow/example_dags/tutorial_dag.py for tasks to queue
[2025-06-10T05:21:19.392+0000] {logging_mixin.py:188} INFO - [2025-06-10T05:21:19.391+0000] {dagbag.py:545} INFO - Filling up the DagBag from /home/airflow/.local/lib/python3.12/site-packages/airflow/example_dags/tutorial_dag.py
[2025-06-10T05:21:19.400+0000] {processor.py:840} INFO - DAG(s) 'tutorial_dag' retrieved from /home/airflow/.local/lib/python3.12/site-packages/airflow/example_dags/tutorial_dag.py
[2025-06-10T05:21:19.428+0000] {logging_mixin.py:188} INFO - [2025-06-10T05:21:19.428+0000] {dag.py:3096} INFO - Sync 1 DAGs
[2025-06-10T05:21:19.443+0000] {logging_mixin.py:188} INFO - [2025-06-10T05:21:19.443+0000] {dag.py:3954} INFO - Setting next_dagrun for tutorial_dag to None, run_after=None
[2025-06-10T05:21:19.473+0000] {processor.py:183} INFO - Processing /home/airflow/.local/lib/python3.12/site-packages/airflow/example_dags/tutorial_dag.py took 0.094 seconds
[2025-06-10T05:21:49.839+0000] {processor.py:161} INFO - Started process (PID=3270) to work on /home/airflow/.local/lib/python3.12/site-packages/airflow/example_dags/tutorial_dag.py
[2025-06-10T05:21:49.841+0000] {processor.py:830} INFO - Processing file /home/airflow/.local/lib/python3.12/site-packages/airflow/example_dags/tutorial_dag.py for tasks to queue
[2025-06-10T05:21:49.843+0000] {logging_mixin.py:188} INFO - [2025-06-10T05:21:49.843+0000] {dagbag.py:545} INFO - Filling up the DagBag from /home/airflow/.local/lib/python3.12/site-packages/airflow/example_dags/tutorial_dag.py
[2025-06-10T05:21:49.850+0000] {processor.py:840} INFO - DAG(s) 'tutorial_dag' retrieved from /home/airflow/.local/lib/python3.12/site-packages/airflow/example_dags/tutorial_dag.py
[2025-06-10T05:21:49.873+0000] {logging_mixin.py:188} INFO - [2025-06-10T05:21:49.873+0000] {dag.py:3096} INFO - Sync 1 DAGs
[2025-06-10T05:21:49.891+0000] {logging_mixin.py:188} INFO - [2025-06-10T05:21:49.890+0000] {dag.py:3954} INFO - Setting next_dagrun for tutorial_dag to None, run_after=None
[2025-06-10T05:21:49.920+0000] {processor.py:183} INFO - Processing /home/airflow/.local/lib/python3.12/site-packages/airflow/example_dags/tutorial_dag.py took 0.088 seconds
[2025-06-10T05:22:20.084+0000] {processor.py:161} INFO - Started process (PID=3333) to work on /home/airflow/.local/lib/python3.12/site-packages/airflow/example_dags/tutorial_dag.py
[2025-06-10T05:22:20.086+0000] {processor.py:830} INFO - Processing file /home/airflow/.local/lib/python3.12/site-packages/airflow/example_dags/tutorial_dag.py for tasks to queue
[2025-06-10T05:22:20.088+0000] {logging_mixin.py:188} INFO - [2025-06-10T05:22:20.088+0000] {dagbag.py:545} INFO - Filling up the DagBag from /home/airflow/.local/lib/python3.12/site-packages/airflow/example_dags/tutorial_dag.py
[2025-06-10T05:22:20.097+0000] {processor.py:840} INFO - DAG(s) 'tutorial_dag' retrieved from /home/airflow/.local/lib/python3.12/site-packages/airflow/example_dags/tutorial_dag.py
[2025-06-10T05:22:20.124+0000] {logging_mixin.py:188} INFO - [2025-06-10T05:22:20.124+0000] {dag.py:3096} INFO - Sync 1 DAGs
[2025-06-10T05:22:20.140+0000] {logging_mixin.py:188} INFO - [2025-06-10T05:22:20.140+0000] {dag.py:3954} INFO - Setting next_dagrun for tutorial_dag to None, run_after=None
[2025-06-10T05:22:20.169+0000] {processor.py:183} INFO - Processing /home/airflow/.local/lib/python3.12/site-packages/airflow/example_dags/tutorial_dag.py took 0.094 seconds
[2025-06-10T05:22:50.459+0000] {processor.py:161} INFO - Started process (PID=3396) to work on /home/airflow/.local/lib/python3.12/site-packages/airflow/example_dags/tutorial_dag.py
[2025-06-10T05:22:50.461+0000] {processor.py:830} INFO - Processing file /home/airflow/.local/lib/python3.12/site-packages/airflow/example_dags/tutorial_dag.py for tasks to queue
[2025-06-10T05:22:50.463+0000] {logging_mixin.py:188} INFO - [2025-06-10T05:22:50.462+0000] {dagbag.py:545} INFO - Filling up the DagBag from /home/airflow/.local/lib/python3.12/site-packages/airflow/example_dags/tutorial_dag.py
[2025-06-10T05:22:50.470+0000] {processor.py:840} INFO - DAG(s) 'tutorial_dag' retrieved from /home/airflow/.local/lib/python3.12/site-packages/airflow/example_dags/tutorial_dag.py
[2025-06-10T05:22:50.496+0000] {logging_mixin.py:188} INFO - [2025-06-10T05:22:50.496+0000] {dag.py:3096} INFO - Sync 1 DAGs
[2025-06-10T05:22:50.511+0000] {logging_mixin.py:188} INFO - [2025-06-10T05:22:50.511+0000] {dag.py:3954} INFO - Setting next_dagrun for tutorial_dag to None, run_after=None
[2025-06-10T05:22:50.549+0000] {processor.py:183} INFO - Processing /home/airflow/.local/lib/python3.12/site-packages/airflow/example_dags/tutorial_dag.py took 0.102 seconds
[2025-06-10T05:23:20.630+0000] {processor.py:161} INFO - Started process (PID=3459) to work on /home/airflow/.local/lib/python3.12/site-packages/airflow/example_dags/tutorial_dag.py
[2025-06-10T05:23:20.634+0000] {processor.py:830} INFO - Processing file /home/airflow/.local/lib/python3.12/site-packages/airflow/example_dags/tutorial_dag.py for tasks to queue
[2025-06-10T05:23:20.637+0000] {logging_mixin.py:188} INFO - [2025-06-10T05:23:20.636+0000] {dagbag.py:545} INFO - Filling up the DagBag from /home/airflow/.local/lib/python3.12/site-packages/airflow/example_dags/tutorial_dag.py
[2025-06-10T05:23:20.644+0000] {processor.py:840} INFO - DAG(s) 'tutorial_dag' retrieved from /home/airflow/.local/lib/python3.12/site-packages/airflow/example_dags/tutorial_dag.py
[2025-06-10T05:23:20.669+0000] {logging_mixin.py:188} INFO - [2025-06-10T05:23:20.669+0000] {dag.py:3096} INFO - Sync 1 DAGs
[2025-06-10T05:23:20.685+0000] {logging_mixin.py:188} INFO - [2025-06-10T05:23:20.685+0000] {dag.py:3954} INFO - Setting next_dagrun for tutorial_dag to None, run_after=None
[2025-06-10T05:23:20.712+0000] {processor.py:183} INFO - Processing /home/airflow/.local/lib/python3.12/site-packages/airflow/example_dags/tutorial_dag.py took 0.090 seconds
[2025-06-10T05:23:51.632+0000] {processor.py:161} INFO - Started process (PID=3522) to work on /home/airflow/.local/lib/python3.12/site-packages/airflow/example_dags/tutorial_dag.py
[2025-06-10T05:23:51.634+0000] {processor.py:830} INFO - Processing file /home/airflow/.local/lib/python3.12/site-packages/airflow/example_dags/tutorial_dag.py for tasks to queue
[2025-06-10T05:23:51.638+0000] {logging_mixin.py:188} INFO - [2025-06-10T05:23:51.637+0000] {dagbag.py:545} INFO - Filling up the DagBag from /home/airflow/.local/lib/python3.12/site-packages/airflow/example_dags/tutorial_dag.py
[2025-06-10T05:23:51.649+0000] {processor.py:840} INFO - DAG(s) 'tutorial_dag' retrieved from /home/airflow/.local/lib/python3.12/site-packages/airflow/example_dags/tutorial_dag.py
[2025-06-10T05:23:51.682+0000] {logging_mixin.py:188} INFO - [2025-06-10T05:23:51.682+0000] {dag.py:3096} INFO - Sync 1 DAGs
[2025-06-10T05:23:51.702+0000] {logging_mixin.py:188} INFO - [2025-06-10T05:23:51.702+0000] {dag.py:3954} INFO - Setting next_dagrun for tutorial_dag to None, run_after=None
[2025-06-10T05:23:51.731+0000] {processor.py:183} INFO - Processing /home/airflow/.local/lib/python3.12/site-packages/airflow/example_dags/tutorial_dag.py took 0.110 seconds
[2025-06-10T05:24:21.896+0000] {processor.py:161} INFO - Started process (PID=3584) to work on /home/airflow/.local/lib/python3.12/site-packages/airflow/example_dags/tutorial_dag.py
[2025-06-10T05:24:21.898+0000] {processor.py:830} INFO - Processing file /home/airflow/.local/lib/python3.12/site-packages/airflow/example_dags/tutorial_dag.py for tasks to queue
[2025-06-10T05:24:21.901+0000] {logging_mixin.py:188} INFO - [2025-06-10T05:24:21.901+0000] {dagbag.py:545} INFO - Filling up the DagBag from /home/airflow/.local/lib/python3.12/site-packages/airflow/example_dags/tutorial_dag.py
[2025-06-10T05:24:21.908+0000] {processor.py:840} INFO - DAG(s) 'tutorial_dag' retrieved from /home/airflow/.local/lib/python3.12/site-packages/airflow/example_dags/tutorial_dag.py
[2025-06-10T05:24:21.934+0000] {logging_mixin.py:188} INFO - [2025-06-10T05:24:21.934+0000] {dag.py:3096} INFO - Sync 1 DAGs
[2025-06-10T05:24:21.955+0000] {logging_mixin.py:188} INFO - [2025-06-10T05:24:21.955+0000] {dag.py:3954} INFO - Setting next_dagrun for tutorial_dag to None, run_after=None
[2025-06-10T05:24:21.980+0000] {processor.py:183} INFO - Processing /home/airflow/.local/lib/python3.12/site-packages/airflow/example_dags/tutorial_dag.py took 0.093 seconds
[2025-06-10T05:24:52.175+0000] {processor.py:161} INFO - Started process (PID=3647) to work on /home/airflow/.local/lib/python3.12/site-packages/airflow/example_dags/tutorial_dag.py
[2025-06-10T05:24:52.178+0000] {processor.py:830} INFO - Processing file /home/airflow/.local/lib/python3.12/site-packages/airflow/example_dags/tutorial_dag.py for tasks to queue
[2025-06-10T05:24:52.182+0000] {logging_mixin.py:188} INFO - [2025-06-10T05:24:52.182+0000] {dagbag.py:545} INFO - Filling up the DagBag from /home/airflow/.local/lib/python3.12/site-packages/airflow/example_dags/tutorial_dag.py
[2025-06-10T05:24:52.197+0000] {processor.py:840} INFO - DAG(s) 'tutorial_dag' retrieved from /home/airflow/.local/lib/python3.12/site-packages/airflow/example_dags/tutorial_dag.py
[2025-06-10T05:24:52.240+0000] {logging_mixin.py:188} INFO - [2025-06-10T05:24:52.239+0000] {dag.py:3096} INFO - Sync 1 DAGs
[2025-06-10T05:24:52.256+0000] {logging_mixin.py:188} INFO - [2025-06-10T05:24:52.256+0000] {dag.py:3954} INFO - Setting next_dagrun for tutorial_dag to None, run_after=None
[2025-06-10T05:24:52.311+0000] {processor.py:183} INFO - Processing /home/airflow/.local/lib/python3.12/site-packages/airflow/example_dags/tutorial_dag.py took 0.143 seconds
[2025-06-10T05:25:22.461+0000] {processor.py:161} INFO - Started process (PID=3710) to work on /home/airflow/.local/lib/python3.12/site-packages/airflow/example_dags/tutorial_dag.py
[2025-06-10T05:25:22.463+0000] {processor.py:830} INFO - Processing file /home/airflow/.local/lib/python3.12/site-packages/airflow/example_dags/tutorial_dag.py for tasks to queue
[2025-06-10T05:25:22.465+0000] {logging_mixin.py:188} INFO - [2025-06-10T05:25:22.465+0000] {dagbag.py:545} INFO - Filling up the DagBag from /home/airflow/.local/lib/python3.12/site-packages/airflow/example_dags/tutorial_dag.py
[2025-06-10T05:25:22.472+0000] {processor.py:840} INFO - DAG(s) 'tutorial_dag' retrieved from /home/airflow/.local/lib/python3.12/site-packages/airflow/example_dags/tutorial_dag.py
[2025-06-10T05:25:22.498+0000] {logging_mixin.py:188} INFO - [2025-06-10T05:25:22.498+0000] {dag.py:3096} INFO - Sync 1 DAGs
[2025-06-10T05:25:22.514+0000] {logging_mixin.py:188} INFO - [2025-06-10T05:25:22.513+0000] {dag.py:3954} INFO - Setting next_dagrun for tutorial_dag to None, run_after=None
[2025-06-10T05:25:22.542+0000] {processor.py:183} INFO - Processing /home/airflow/.local/lib/python3.12/site-packages/airflow/example_dags/tutorial_dag.py took 0.094 seconds
[2025-06-10T05:25:53.039+0000] {processor.py:161} INFO - Started process (PID=3773) to work on /home/airflow/.local/lib/python3.12/site-packages/airflow/example_dags/tutorial_dag.py
[2025-06-10T05:25:53.040+0000] {processor.py:830} INFO - Processing file /home/airflow/.local/lib/python3.12/site-packages/airflow/example_dags/tutorial_dag.py for tasks to queue
[2025-06-10T05:25:53.042+0000] {logging_mixin.py:188} INFO - [2025-06-10T05:25:53.042+0000] {dagbag.py:545} INFO - Filling up the DagBag from /home/airflow/.local/lib/python3.12/site-packages/airflow/example_dags/tutorial_dag.py
[2025-06-10T05:25:53.050+0000] {processor.py:840} INFO - DAG(s) 'tutorial_dag' retrieved from /home/airflow/.local/lib/python3.12/site-packages/airflow/example_dags/tutorial_dag.py
[2025-06-10T05:25:53.077+0000] {logging_mixin.py:188} INFO - [2025-06-10T05:25:53.077+0000] {dag.py:3096} INFO - Sync 1 DAGs
[2025-06-10T05:25:53.095+0000] {logging_mixin.py:188} INFO - [2025-06-10T05:25:53.095+0000] {dag.py:3954} INFO - Setting next_dagrun for tutorial_dag to None, run_after=None
[2025-06-10T05:25:53.128+0000] {processor.py:183} INFO - Processing /home/airflow/.local/lib/python3.12/site-packages/airflow/example_dags/tutorial_dag.py took 0.101 seconds
[2025-06-10T05:26:23.377+0000] {processor.py:161} INFO - Started process (PID=3835) to work on /home/airflow/.local/lib/python3.12/site-packages/airflow/example_dags/tutorial_dag.py
[2025-06-10T05:26:23.379+0000] {processor.py:830} INFO - Processing file /home/airflow/.local/lib/python3.12/site-packages/airflow/example_dags/tutorial_dag.py for tasks to queue
[2025-06-10T05:26:23.381+0000] {logging_mixin.py:188} INFO - [2025-06-10T05:26:23.381+0000] {dagbag.py:545} INFO - Filling up the DagBag from /home/airflow/.local/lib/python3.12/site-packages/airflow/example_dags/tutorial_dag.py
[2025-06-10T05:26:23.387+0000] {processor.py:840} INFO - DAG(s) 'tutorial_dag' retrieved from /home/airflow/.local/lib/python3.12/site-packages/airflow/example_dags/tutorial_dag.py
[2025-06-10T05:26:23.412+0000] {logging_mixin.py:188} INFO - [2025-06-10T05:26:23.411+0000] {dag.py:3096} INFO - Sync 1 DAGs
[2025-06-10T05:26:23.427+0000] {logging_mixin.py:188} INFO - [2025-06-10T05:26:23.426+0000] {dag.py:3954} INFO - Setting next_dagrun for tutorial_dag to None, run_after=None
[2025-06-10T05:26:23.451+0000] {processor.py:183} INFO - Processing /home/airflow/.local/lib/python3.12/site-packages/airflow/example_dags/tutorial_dag.py took 0.083 seconds
[2025-06-10T05:26:53.985+0000] {processor.py:161} INFO - Started process (PID=3897) to work on /home/airflow/.local/lib/python3.12/site-packages/airflow/example_dags/tutorial_dag.py
[2025-06-10T05:26:53.990+0000] {processor.py:830} INFO - Processing file /home/airflow/.local/lib/python3.12/site-packages/airflow/example_dags/tutorial_dag.py for tasks to queue
[2025-06-10T05:26:53.997+0000] {logging_mixin.py:188} INFO - [2025-06-10T05:26:53.993+0000] {dagbag.py:545} INFO - Filling up the DagBag from /home/airflow/.local/lib/python3.12/site-packages/airflow/example_dags/tutorial_dag.py
[2025-06-10T05:26:54.020+0000] {processor.py:840} INFO - DAG(s) 'tutorial_dag' retrieved from /home/airflow/.local/lib/python3.12/site-packages/airflow/example_dags/tutorial_dag.py
[2025-06-10T05:26:54.098+0000] {logging_mixin.py:188} INFO - [2025-06-10T05:26:54.098+0000] {dag.py:3096} INFO - Sync 1 DAGs
[2025-06-10T05:26:54.154+0000] {logging_mixin.py:188} INFO - [2025-06-10T05:26:54.151+0000] {dag.py:3954} INFO - Setting next_dagrun for tutorial_dag to None, run_after=None
[2025-06-10T05:26:54.252+0000] {processor.py:183} INFO - Processing /home/airflow/.local/lib/python3.12/site-packages/airflow/example_dags/tutorial_dag.py took 0.292 seconds
[2025-06-10T05:27:25.139+0000] {processor.py:161} INFO - Started process (PID=3960) to work on /home/airflow/.local/lib/python3.12/site-packages/airflow/example_dags/tutorial_dag.py
[2025-06-10T05:27:25.142+0000] {processor.py:830} INFO - Processing file /home/airflow/.local/lib/python3.12/site-packages/airflow/example_dags/tutorial_dag.py for tasks to queue
[2025-06-10T05:27:25.146+0000] {logging_mixin.py:188} INFO - [2025-06-10T05:27:25.145+0000] {dagbag.py:545} INFO - Filling up the DagBag from /home/airflow/.local/lib/python3.12/site-packages/airflow/example_dags/tutorial_dag.py
[2025-06-10T05:27:25.158+0000] {processor.py:840} INFO - DAG(s) 'tutorial_dag' retrieved from /home/airflow/.local/lib/python3.12/site-packages/airflow/example_dags/tutorial_dag.py
[2025-06-10T05:27:25.184+0000] {logging_mixin.py:188} INFO - [2025-06-10T05:27:25.183+0000] {dag.py:3096} INFO - Sync 1 DAGs
[2025-06-10T05:27:25.199+0000] {logging_mixin.py:188} INFO - [2025-06-10T05:27:25.199+0000] {dag.py:3954} INFO - Setting next_dagrun for tutorial_dag to None, run_after=None
[2025-06-10T05:27:25.227+0000] {processor.py:183} INFO - Processing /home/airflow/.local/lib/python3.12/site-packages/airflow/example_dags/tutorial_dag.py took 0.098 seconds
[2025-06-10T05:27:55.513+0000] {processor.py:161} INFO - Started process (PID=4023) to work on /home/airflow/.local/lib/python3.12/site-packages/airflow/example_dags/tutorial_dag.py
[2025-06-10T05:27:55.515+0000] {processor.py:830} INFO - Processing file /home/airflow/.local/lib/python3.12/site-packages/airflow/example_dags/tutorial_dag.py for tasks to queue
[2025-06-10T05:27:55.520+0000] {logging_mixin.py:188} INFO - [2025-06-10T05:27:55.519+0000] {dagbag.py:545} INFO - Filling up the DagBag from /home/airflow/.local/lib/python3.12/site-packages/airflow/example_dags/tutorial_dag.py
[2025-06-10T05:27:55.536+0000] {processor.py:840} INFO - DAG(s) 'tutorial_dag' retrieved from /home/airflow/.local/lib/python3.12/site-packages/airflow/example_dags/tutorial_dag.py
[2025-06-10T05:27:55.585+0000] {logging_mixin.py:188} INFO - [2025-06-10T05:27:55.585+0000] {dag.py:3096} INFO - Sync 1 DAGs
[2025-06-10T05:27:55.622+0000] {logging_mixin.py:188} INFO - [2025-06-10T05:27:55.622+0000] {dag.py:3954} INFO - Setting next_dagrun for tutorial_dag to None, run_after=None
[2025-06-10T05:27:55.692+0000] {processor.py:183} INFO - Processing /home/airflow/.local/lib/python3.12/site-packages/airflow/example_dags/tutorial_dag.py took 0.194 seconds
[2025-06-10T05:28:26.538+0000] {processor.py:161} INFO - Started process (PID=4086) to work on /home/airflow/.local/lib/python3.12/site-packages/airflow/example_dags/tutorial_dag.py
[2025-06-10T05:28:26.540+0000] {processor.py:830} INFO - Processing file /home/airflow/.local/lib/python3.12/site-packages/airflow/example_dags/tutorial_dag.py for tasks to queue
[2025-06-10T05:28:26.544+0000] {logging_mixin.py:188} INFO - [2025-06-10T05:28:26.543+0000] {dagbag.py:545} INFO - Filling up the DagBag from /home/airflow/.local/lib/python3.12/site-packages/airflow/example_dags/tutorial_dag.py
[2025-06-10T05:28:26.550+0000] {processor.py:840} INFO - DAG(s) 'tutorial_dag' retrieved from /home/airflow/.local/lib/python3.12/site-packages/airflow/example_dags/tutorial_dag.py
[2025-06-10T05:28:26.577+0000] {logging_mixin.py:188} INFO - [2025-06-10T05:28:26.577+0000] {dag.py:3096} INFO - Sync 1 DAGs
[2025-06-10T05:28:26.593+0000] {logging_mixin.py:188} INFO - [2025-06-10T05:28:26.593+0000] {dag.py:3954} INFO - Setting next_dagrun for tutorial_dag to None, run_after=None
[2025-06-10T05:28:26.618+0000] {processor.py:183} INFO - Processing /home/airflow/.local/lib/python3.12/site-packages/airflow/example_dags/tutorial_dag.py took 0.088 seconds
[2025-06-10T05:28:56.799+0000] {processor.py:161} INFO - Started process (PID=4150) to work on /home/airflow/.local/lib/python3.12/site-packages/airflow/example_dags/tutorial_dag.py
[2025-06-10T05:28:56.801+0000] {processor.py:830} INFO - Processing file /home/airflow/.local/lib/python3.12/site-packages/airflow/example_dags/tutorial_dag.py for tasks to queue
[2025-06-10T05:28:56.803+0000] {logging_mixin.py:188} INFO - [2025-06-10T05:28:56.803+0000] {dagbag.py:545} INFO - Filling up the DagBag from /home/airflow/.local/lib/python3.12/site-packages/airflow/example_dags/tutorial_dag.py
[2025-06-10T05:28:56.812+0000] {processor.py:840} INFO - DAG(s) 'tutorial_dag' retrieved from /home/airflow/.local/lib/python3.12/site-packages/airflow/example_dags/tutorial_dag.py
[2025-06-10T05:28:56.852+0000] {logging_mixin.py:188} INFO - [2025-06-10T05:28:56.852+0000] {dag.py:3096} INFO - Sync 1 DAGs
[2025-06-10T05:28:56.884+0000] {logging_mixin.py:188} INFO - [2025-06-10T05:28:56.884+0000] {dag.py:3954} INFO - Setting next_dagrun for tutorial_dag to None, run_after=None
[2025-06-10T05:28:56.930+0000] {processor.py:183} INFO - Processing /home/airflow/.local/lib/python3.12/site-packages/airflow/example_dags/tutorial_dag.py took 0.139 seconds
[2025-06-10T05:29:27.042+0000] {processor.py:161} INFO - Started process (PID=4213) to work on /home/airflow/.local/lib/python3.12/site-packages/airflow/example_dags/tutorial_dag.py
[2025-06-10T05:29:27.045+0000] {processor.py:830} INFO - Processing file /home/airflow/.local/lib/python3.12/site-packages/airflow/example_dags/tutorial_dag.py for tasks to queue
[2025-06-10T05:29:27.047+0000] {logging_mixin.py:188} INFO - [2025-06-10T05:29:27.046+0000] {dagbag.py:545} INFO - Filling up the DagBag from /home/airflow/.local/lib/python3.12/site-packages/airflow/example_dags/tutorial_dag.py
[2025-06-10T05:29:27.055+0000] {processor.py:840} INFO - DAG(s) 'tutorial_dag' retrieved from /home/airflow/.local/lib/python3.12/site-packages/airflow/example_dags/tutorial_dag.py
[2025-06-10T05:29:27.081+0000] {logging_mixin.py:188} INFO - [2025-06-10T05:29:27.081+0000] {dag.py:3096} INFO - Sync 1 DAGs
[2025-06-10T05:29:27.107+0000] {logging_mixin.py:188} INFO - [2025-06-10T05:29:27.107+0000] {dag.py:3954} INFO - Setting next_dagrun for tutorial_dag to None, run_after=None
[2025-06-10T05:29:27.151+0000] {processor.py:183} INFO - Processing /home/airflow/.local/lib/python3.12/site-packages/airflow/example_dags/tutorial_dag.py took 0.116 seconds
[2025-06-10T05:29:57.265+0000] {processor.py:161} INFO - Started process (PID=4276) to work on /home/airflow/.local/lib/python3.12/site-packages/airflow/example_dags/tutorial_dag.py
[2025-06-10T05:29:57.267+0000] {processor.py:830} INFO - Processing file /home/airflow/.local/lib/python3.12/site-packages/airflow/example_dags/tutorial_dag.py for tasks to queue
[2025-06-10T05:29:57.269+0000] {logging_mixin.py:188} INFO - [2025-06-10T05:29:57.269+0000] {dagbag.py:545} INFO - Filling up the DagBag from /home/airflow/.local/lib/python3.12/site-packages/airflow/example_dags/tutorial_dag.py
[2025-06-10T05:29:57.276+0000] {processor.py:840} INFO - DAG(s) 'tutorial_dag' retrieved from /home/airflow/.local/lib/python3.12/site-packages/airflow/example_dags/tutorial_dag.py
[2025-06-10T05:29:57.298+0000] {logging_mixin.py:188} INFO - [2025-06-10T05:29:57.298+0000] {dag.py:3096} INFO - Sync 1 DAGs
[2025-06-10T05:29:57.313+0000] {logging_mixin.py:188} INFO - [2025-06-10T05:29:57.313+0000] {dag.py:3954} INFO - Setting next_dagrun for tutorial_dag to None, run_after=None
[2025-06-10T05:29:57.343+0000] {processor.py:183} INFO - Processing /home/airflow/.local/lib/python3.12/site-packages/airflow/example_dags/tutorial_dag.py took 0.087 seconds
[2025-06-10T05:30:27.660+0000] {processor.py:161} INFO - Started process (PID=4339) to work on /home/airflow/.local/lib/python3.12/site-packages/airflow/example_dags/tutorial_dag.py
[2025-06-10T05:30:27.663+0000] {processor.py:830} INFO - Processing file /home/airflow/.local/lib/python3.12/site-packages/airflow/example_dags/tutorial_dag.py for tasks to queue
[2025-06-10T05:30:27.667+0000] {logging_mixin.py:188} INFO - [2025-06-10T05:30:27.667+0000] {dagbag.py:545} INFO - Filling up the DagBag from /home/airflow/.local/lib/python3.12/site-packages/airflow/example_dags/tutorial_dag.py
[2025-06-10T05:30:27.680+0000] {processor.py:840} INFO - DAG(s) 'tutorial_dag' retrieved from /home/airflow/.local/lib/python3.12/site-packages/airflow/example_dags/tutorial_dag.py
[2025-06-10T05:30:27.710+0000] {logging_mixin.py:188} INFO - [2025-06-10T05:30:27.709+0000] {dag.py:3096} INFO - Sync 1 DAGs
[2025-06-10T05:30:27.725+0000] {logging_mixin.py:188} INFO - [2025-06-10T05:30:27.724+0000] {dag.py:3954} INFO - Setting next_dagrun for tutorial_dag to None, run_after=None
[2025-06-10T05:30:27.765+0000] {processor.py:183} INFO - Processing /home/airflow/.local/lib/python3.12/site-packages/airflow/example_dags/tutorial_dag.py took 0.120 seconds
[2025-06-10T05:30:58.332+0000] {processor.py:161} INFO - Started process (PID=4402) to work on /home/airflow/.local/lib/python3.12/site-packages/airflow/example_dags/tutorial_dag.py
[2025-06-10T05:30:58.334+0000] {processor.py:830} INFO - Processing file /home/airflow/.local/lib/python3.12/site-packages/airflow/example_dags/tutorial_dag.py for tasks to queue
[2025-06-10T05:30:58.336+0000] {logging_mixin.py:188} INFO - [2025-06-10T05:30:58.335+0000] {dagbag.py:545} INFO - Filling up the DagBag from /home/airflow/.local/lib/python3.12/site-packages/airflow/example_dags/tutorial_dag.py
[2025-06-10T05:30:58.342+0000] {processor.py:840} INFO - DAG(s) 'tutorial_dag' retrieved from /home/airflow/.local/lib/python3.12/site-packages/airflow/example_dags/tutorial_dag.py
[2025-06-10T05:30:58.379+0000] {logging_mixin.py:188} INFO - [2025-06-10T05:30:58.378+0000] {dag.py:3096} INFO - Sync 1 DAGs
[2025-06-10T05:30:58.407+0000] {logging_mixin.py:188} INFO - [2025-06-10T05:30:58.406+0000] {dag.py:3954} INFO - Setting next_dagrun for tutorial_dag to None, run_after=None
[2025-06-10T05:30:58.442+0000] {processor.py:183} INFO - Processing /home/airflow/.local/lib/python3.12/site-packages/airflow/example_dags/tutorial_dag.py took 0.119 seconds
[2025-06-10T05:31:29.013+0000] {processor.py:161} INFO - Started process (PID=4462) to work on /home/airflow/.local/lib/python3.12/site-packages/airflow/example_dags/tutorial_dag.py
[2025-06-10T05:31:29.015+0000] {processor.py:830} INFO - Processing file /home/airflow/.local/lib/python3.12/site-packages/airflow/example_dags/tutorial_dag.py for tasks to queue
[2025-06-10T05:31:29.017+0000] {logging_mixin.py:188} INFO - [2025-06-10T05:31:29.017+0000] {dagbag.py:545} INFO - Filling up the DagBag from /home/airflow/.local/lib/python3.12/site-packages/airflow/example_dags/tutorial_dag.py
[2025-06-10T05:31:29.025+0000] {processor.py:840} INFO - DAG(s) 'tutorial_dag' retrieved from /home/airflow/.local/lib/python3.12/site-packages/airflow/example_dags/tutorial_dag.py
[2025-06-10T05:31:29.050+0000] {logging_mixin.py:188} INFO - [2025-06-10T05:31:29.050+0000] {dag.py:3096} INFO - Sync 1 DAGs
[2025-06-10T05:31:29.076+0000] {logging_mixin.py:188} INFO - [2025-06-10T05:31:29.076+0000] {dag.py:3954} INFO - Setting next_dagrun for tutorial_dag to None, run_after=None
[2025-06-10T05:31:29.112+0000] {processor.py:183} INFO - Processing /home/airflow/.local/lib/python3.12/site-packages/airflow/example_dags/tutorial_dag.py took 0.107 seconds
[2025-06-10T05:31:59.835+0000] {processor.py:161} INFO - Started process (PID=4525) to work on /home/airflow/.local/lib/python3.12/site-packages/airflow/example_dags/tutorial_dag.py
[2025-06-10T05:31:59.840+0000] {processor.py:830} INFO - Processing file /home/airflow/.local/lib/python3.12/site-packages/airflow/example_dags/tutorial_dag.py for tasks to queue
[2025-06-10T05:31:59.842+0000] {logging_mixin.py:188} INFO - [2025-06-10T05:31:59.842+0000] {dagbag.py:545} INFO - Filling up the DagBag from /home/airflow/.local/lib/python3.12/site-packages/airflow/example_dags/tutorial_dag.py
[2025-06-10T05:31:59.859+0000] {processor.py:840} INFO - DAG(s) 'tutorial_dag' retrieved from /home/airflow/.local/lib/python3.12/site-packages/airflow/example_dags/tutorial_dag.py
[2025-06-10T05:31:59.958+0000] {logging_mixin.py:188} INFO - [2025-06-10T05:31:59.957+0000] {dag.py:3096} INFO - Sync 1 DAGs
[2025-06-10T05:32:00.005+0000] {logging_mixin.py:188} INFO - [2025-06-10T05:32:00.003+0000] {dag.py:3954} INFO - Setting next_dagrun for tutorial_dag to None, run_after=None
[2025-06-10T05:32:00.094+0000] {processor.py:183} INFO - Processing /home/airflow/.local/lib/python3.12/site-packages/airflow/example_dags/tutorial_dag.py took 0.277 seconds
[2025-06-10T05:32:30.924+0000] {processor.py:161} INFO - Started process (PID=4587) to work on /home/airflow/.local/lib/python3.12/site-packages/airflow/example_dags/tutorial_dag.py
[2025-06-10T05:32:30.925+0000] {processor.py:830} INFO - Processing file /home/airflow/.local/lib/python3.12/site-packages/airflow/example_dags/tutorial_dag.py for tasks to queue
[2025-06-10T05:32:30.928+0000] {logging_mixin.py:188} INFO - [2025-06-10T05:32:30.927+0000] {dagbag.py:545} INFO - Filling up the DagBag from /home/airflow/.local/lib/python3.12/site-packages/airflow/example_dags/tutorial_dag.py
[2025-06-10T05:32:30.936+0000] {processor.py:840} INFO - DAG(s) 'tutorial_dag' retrieved from /home/airflow/.local/lib/python3.12/site-packages/airflow/example_dags/tutorial_dag.py
[2025-06-10T05:32:30.963+0000] {logging_mixin.py:188} INFO - [2025-06-10T05:32:30.963+0000] {dag.py:3096} INFO - Sync 1 DAGs
[2025-06-10T05:32:30.981+0000] {logging_mixin.py:188} INFO - [2025-06-10T05:32:30.981+0000] {dag.py:3954} INFO - Setting next_dagrun for tutorial_dag to None, run_after=None
[2025-06-10T05:32:31.046+0000] {processor.py:183} INFO - Processing /home/airflow/.local/lib/python3.12/site-packages/airflow/example_dags/tutorial_dag.py took 0.131 seconds
[2025-06-10T05:33:01.469+0000] {processor.py:161} INFO - Started process (PID=4650) to work on /home/airflow/.local/lib/python3.12/site-packages/airflow/example_dags/tutorial_dag.py
[2025-06-10T05:33:01.471+0000] {processor.py:830} INFO - Processing file /home/airflow/.local/lib/python3.12/site-packages/airflow/example_dags/tutorial_dag.py for tasks to queue
[2025-06-10T05:33:01.475+0000] {logging_mixin.py:188} INFO - [2025-06-10T05:33:01.475+0000] {dagbag.py:545} INFO - Filling up the DagBag from /home/airflow/.local/lib/python3.12/site-packages/airflow/example_dags/tutorial_dag.py
[2025-06-10T05:33:01.485+0000] {processor.py:840} INFO - DAG(s) 'tutorial_dag' retrieved from /home/airflow/.local/lib/python3.12/site-packages/airflow/example_dags/tutorial_dag.py
[2025-06-10T05:33:01.511+0000] {logging_mixin.py:188} INFO - [2025-06-10T05:33:01.511+0000] {dag.py:3096} INFO - Sync 1 DAGs
[2025-06-10T05:33:01.527+0000] {logging_mixin.py:188} INFO - [2025-06-10T05:33:01.527+0000] {dag.py:3954} INFO - Setting next_dagrun for tutorial_dag to None, run_after=None
[2025-06-10T05:33:01.559+0000] {processor.py:183} INFO - Processing /home/airflow/.local/lib/python3.12/site-packages/airflow/example_dags/tutorial_dag.py took 0.098 seconds
[2025-06-10T05:33:31.925+0000] {processor.py:161} INFO - Started process (PID=4713) to work on /home/airflow/.local/lib/python3.12/site-packages/airflow/example_dags/tutorial_dag.py
[2025-06-10T05:33:31.926+0000] {processor.py:830} INFO - Processing file /home/airflow/.local/lib/python3.12/site-packages/airflow/example_dags/tutorial_dag.py for tasks to queue
[2025-06-10T05:33:31.929+0000] {logging_mixin.py:188} INFO - [2025-06-10T05:33:31.929+0000] {dagbag.py:545} INFO - Filling up the DagBag from /home/airflow/.local/lib/python3.12/site-packages/airflow/example_dags/tutorial_dag.py
[2025-06-10T05:33:31.937+0000] {processor.py:840} INFO - DAG(s) 'tutorial_dag' retrieved from /home/airflow/.local/lib/python3.12/site-packages/airflow/example_dags/tutorial_dag.py
[2025-06-10T05:33:31.969+0000] {logging_mixin.py:188} INFO - [2025-06-10T05:33:31.969+0000] {dag.py:3096} INFO - Sync 1 DAGs
[2025-06-10T05:33:31.984+0000] {logging_mixin.py:188} INFO - [2025-06-10T05:33:31.984+0000] {dag.py:3954} INFO - Setting next_dagrun for tutorial_dag to None, run_after=None
[2025-06-10T05:33:32.017+0000] {processor.py:183} INFO - Processing /home/airflow/.local/lib/python3.12/site-packages/airflow/example_dags/tutorial_dag.py took 0.099 seconds
[2025-06-10T05:34:02.120+0000] {processor.py:161} INFO - Started process (PID=4776) to work on /home/airflow/.local/lib/python3.12/site-packages/airflow/example_dags/tutorial_dag.py
[2025-06-10T05:34:02.123+0000] {processor.py:830} INFO - Processing file /home/airflow/.local/lib/python3.12/site-packages/airflow/example_dags/tutorial_dag.py for tasks to queue
[2025-06-10T05:34:02.127+0000] {logging_mixin.py:188} INFO - [2025-06-10T05:34:02.126+0000] {dagbag.py:545} INFO - Filling up the DagBag from /home/airflow/.local/lib/python3.12/site-packages/airflow/example_dags/tutorial_dag.py
[2025-06-10T05:34:02.139+0000] {processor.py:840} INFO - DAG(s) 'tutorial_dag' retrieved from /home/airflow/.local/lib/python3.12/site-packages/airflow/example_dags/tutorial_dag.py
[2025-06-10T05:34:02.165+0000] {logging_mixin.py:188} INFO - [2025-06-10T05:34:02.165+0000] {dag.py:3096} INFO - Sync 1 DAGs
[2025-06-10T05:34:02.184+0000] {logging_mixin.py:188} INFO - [2025-06-10T05:34:02.183+0000] {dag.py:3954} INFO - Setting next_dagrun for tutorial_dag to None, run_after=None
[2025-06-10T05:34:02.213+0000] {processor.py:183} INFO - Processing /home/airflow/.local/lib/python3.12/site-packages/airflow/example_dags/tutorial_dag.py took 0.102 seconds
[2025-06-10T05:34:32.769+0000] {processor.py:161} INFO - Started process (PID=4839) to work on /home/airflow/.local/lib/python3.12/site-packages/airflow/example_dags/tutorial_dag.py
[2025-06-10T05:34:32.771+0000] {processor.py:830} INFO - Processing file /home/airflow/.local/lib/python3.12/site-packages/airflow/example_dags/tutorial_dag.py for tasks to queue
[2025-06-10T05:34:32.774+0000] {logging_mixin.py:188} INFO - [2025-06-10T05:34:32.774+0000] {dagbag.py:545} INFO - Filling up the DagBag from /home/airflow/.local/lib/python3.12/site-packages/airflow/example_dags/tutorial_dag.py
[2025-06-10T05:34:32.782+0000] {processor.py:840} INFO - DAG(s) 'tutorial_dag' retrieved from /home/airflow/.local/lib/python3.12/site-packages/airflow/example_dags/tutorial_dag.py
[2025-06-10T05:34:32.809+0000] {logging_mixin.py:188} INFO - [2025-06-10T05:34:32.809+0000] {dag.py:3096} INFO - Sync 1 DAGs
[2025-06-10T05:34:32.829+0000] {logging_mixin.py:188} INFO - [2025-06-10T05:34:32.828+0000] {dag.py:3954} INFO - Setting next_dagrun for tutorial_dag to None, run_after=None
[2025-06-10T05:34:32.863+0000] {processor.py:183} INFO - Processing /home/airflow/.local/lib/python3.12/site-packages/airflow/example_dags/tutorial_dag.py took 0.103 seconds
[2025-06-10T05:35:02.992+0000] {processor.py:161} INFO - Started process (PID=4902) to work on /home/airflow/.local/lib/python3.12/site-packages/airflow/example_dags/tutorial_dag.py
[2025-06-10T05:35:03.002+0000] {processor.py:830} INFO - Processing file /home/airflow/.local/lib/python3.12/site-packages/airflow/example_dags/tutorial_dag.py for tasks to queue
[2025-06-10T05:35:03.006+0000] {logging_mixin.py:188} INFO - [2025-06-10T05:35:03.005+0000] {dagbag.py:545} INFO - Filling up the DagBag from /home/airflow/.local/lib/python3.12/site-packages/airflow/example_dags/tutorial_dag.py
[2025-06-10T05:35:03.016+0000] {processor.py:840} INFO - DAG(s) 'tutorial_dag' retrieved from /home/airflow/.local/lib/python3.12/site-packages/airflow/example_dags/tutorial_dag.py
[2025-06-10T05:35:03.059+0000] {logging_mixin.py:188} INFO - [2025-06-10T05:35:03.059+0000] {dag.py:3096} INFO - Sync 1 DAGs
[2025-06-10T05:35:03.086+0000] {logging_mixin.py:188} INFO - [2025-06-10T05:35:03.086+0000] {dag.py:3954} INFO - Setting next_dagrun for tutorial_dag to None, run_after=None
[2025-06-10T05:35:03.146+0000] {processor.py:183} INFO - Processing /home/airflow/.local/lib/python3.12/site-packages/airflow/example_dags/tutorial_dag.py took 0.166 seconds
[2025-06-10T05:35:33.638+0000] {processor.py:161} INFO - Started process (PID=4965) to work on /home/airflow/.local/lib/python3.12/site-packages/airflow/example_dags/tutorial_dag.py
[2025-06-10T05:35:33.639+0000] {processor.py:830} INFO - Processing file /home/airflow/.local/lib/python3.12/site-packages/airflow/example_dags/tutorial_dag.py for tasks to queue
[2025-06-10T05:35:33.642+0000] {logging_mixin.py:188} INFO - [2025-06-10T05:35:33.641+0000] {dagbag.py:545} INFO - Filling up the DagBag from /home/airflow/.local/lib/python3.12/site-packages/airflow/example_dags/tutorial_dag.py
[2025-06-10T05:35:33.649+0000] {processor.py:840} INFO - DAG(s) 'tutorial_dag' retrieved from /home/airflow/.local/lib/python3.12/site-packages/airflow/example_dags/tutorial_dag.py
[2025-06-10T05:35:33.681+0000] {logging_mixin.py:188} INFO - [2025-06-10T05:35:33.681+0000] {dag.py:3096} INFO - Sync 1 DAGs
[2025-06-10T05:35:33.697+0000] {logging_mixin.py:188} INFO - [2025-06-10T05:35:33.697+0000] {dag.py:3954} INFO - Setting next_dagrun for tutorial_dag to None, run_after=None
[2025-06-10T05:35:33.744+0000] {processor.py:183} INFO - Processing /home/airflow/.local/lib/python3.12/site-packages/airflow/example_dags/tutorial_dag.py took 0.118 seconds
[2025-06-10T05:36:03.899+0000] {processor.py:161} INFO - Started process (PID=5028) to work on /home/airflow/.local/lib/python3.12/site-packages/airflow/example_dags/tutorial_dag.py
[2025-06-10T05:36:03.901+0000] {processor.py:830} INFO - Processing file /home/airflow/.local/lib/python3.12/site-packages/airflow/example_dags/tutorial_dag.py for tasks to queue
[2025-06-10T05:36:03.903+0000] {logging_mixin.py:188} INFO - [2025-06-10T05:36:03.903+0000] {dagbag.py:545} INFO - Filling up the DagBag from /home/airflow/.local/lib/python3.12/site-packages/airflow/example_dags/tutorial_dag.py
[2025-06-10T05:36:03.909+0000] {processor.py:840} INFO - DAG(s) 'tutorial_dag' retrieved from /home/airflow/.local/lib/python3.12/site-packages/airflow/example_dags/tutorial_dag.py
[2025-06-10T05:36:03.941+0000] {logging_mixin.py:188} INFO - [2025-06-10T05:36:03.941+0000] {dag.py:3096} INFO - Sync 1 DAGs
[2025-06-10T05:36:03.957+0000] {logging_mixin.py:188} INFO - [2025-06-10T05:36:03.957+0000] {dag.py:3954} INFO - Setting next_dagrun for tutorial_dag to None, run_after=None
[2025-06-10T05:36:03.988+0000] {processor.py:183} INFO - Processing /home/airflow/.local/lib/python3.12/site-packages/airflow/example_dags/tutorial_dag.py took 0.097 seconds
[2025-06-10T05:36:34.499+0000] {processor.py:161} INFO - Started process (PID=5091) to work on /home/airflow/.local/lib/python3.12/site-packages/airflow/example_dags/tutorial_dag.py
[2025-06-10T05:36:34.502+0000] {processor.py:830} INFO - Processing file /home/airflow/.local/lib/python3.12/site-packages/airflow/example_dags/tutorial_dag.py for tasks to queue
[2025-06-10T05:36:34.512+0000] {logging_mixin.py:188} INFO - [2025-06-10T05:36:34.509+0000] {dagbag.py:545} INFO - Filling up the DagBag from /home/airflow/.local/lib/python3.12/site-packages/airflow/example_dags/tutorial_dag.py
[2025-06-10T05:36:34.536+0000] {processor.py:840} INFO - DAG(s) 'tutorial_dag' retrieved from /home/airflow/.local/lib/python3.12/site-packages/airflow/example_dags/tutorial_dag.py
[2025-06-10T05:36:34.654+0000] {logging_mixin.py:188} INFO - [2025-06-10T05:36:34.653+0000] {dag.py:3096} INFO - Sync 1 DAGs
[2025-06-10T05:36:34.715+0000] {logging_mixin.py:188} INFO - [2025-06-10T05:36:34.715+0000] {dag.py:3954} INFO - Setting next_dagrun for tutorial_dag to None, run_after=None
[2025-06-10T05:36:34.812+0000] {processor.py:183} INFO - Processing /home/airflow/.local/lib/python3.12/site-packages/airflow/example_dags/tutorial_dag.py took 0.334 seconds
[2025-06-10T05:37:05.253+0000] {processor.py:161} INFO - Started process (PID=5154) to work on /home/airflow/.local/lib/python3.12/site-packages/airflow/example_dags/tutorial_dag.py
[2025-06-10T05:37:05.256+0000] {processor.py:830} INFO - Processing file /home/airflow/.local/lib/python3.12/site-packages/airflow/example_dags/tutorial_dag.py for tasks to queue
[2025-06-10T05:37:05.260+0000] {logging_mixin.py:188} INFO - [2025-06-10T05:37:05.259+0000] {dagbag.py:545} INFO - Filling up the DagBag from /home/airflow/.local/lib/python3.12/site-packages/airflow/example_dags/tutorial_dag.py
[2025-06-10T05:37:05.272+0000] {processor.py:840} INFO - DAG(s) 'tutorial_dag' retrieved from /home/airflow/.local/lib/python3.12/site-packages/airflow/example_dags/tutorial_dag.py
[2025-06-10T05:37:05.324+0000] {logging_mixin.py:188} INFO - [2025-06-10T05:37:05.323+0000] {dag.py:3096} INFO - Sync 1 DAGs
[2025-06-10T05:37:05.364+0000] {logging_mixin.py:188} INFO - [2025-06-10T05:37:05.363+0000] {dag.py:3954} INFO - Setting next_dagrun for tutorial_dag to None, run_after=None
[2025-06-10T05:37:05.409+0000] {processor.py:183} INFO - Processing /home/airflow/.local/lib/python3.12/site-packages/airflow/example_dags/tutorial_dag.py took 0.169 seconds
[2025-06-10T05:37:35.546+0000] {processor.py:161} INFO - Started process (PID=5217) to work on /home/airflow/.local/lib/python3.12/site-packages/airflow/example_dags/tutorial_dag.py
[2025-06-10T05:37:35.547+0000] {processor.py:830} INFO - Processing file /home/airflow/.local/lib/python3.12/site-packages/airflow/example_dags/tutorial_dag.py for tasks to queue
[2025-06-10T05:37:35.549+0000] {logging_mixin.py:188} INFO - [2025-06-10T05:37:35.549+0000] {dagbag.py:545} INFO - Filling up the DagBag from /home/airflow/.local/lib/python3.12/site-packages/airflow/example_dags/tutorial_dag.py
[2025-06-10T05:37:35.557+0000] {processor.py:840} INFO - DAG(s) 'tutorial_dag' retrieved from /home/airflow/.local/lib/python3.12/site-packages/airflow/example_dags/tutorial_dag.py
[2025-06-10T05:37:35.590+0000] {logging_mixin.py:188} INFO - [2025-06-10T05:37:35.590+0000] {dag.py:3096} INFO - Sync 1 DAGs
[2025-06-10T05:37:35.627+0000] {logging_mixin.py:188} INFO - [2025-06-10T05:37:35.627+0000] {dag.py:3954} INFO - Setting next_dagrun for tutorial_dag to None, run_after=None
[2025-06-10T05:37:35.668+0000] {processor.py:183} INFO - Processing /home/airflow/.local/lib/python3.12/site-packages/airflow/example_dags/tutorial_dag.py took 0.131 seconds
[2025-06-10T05:38:06.174+0000] {processor.py:161} INFO - Started process (PID=5280) to work on /home/airflow/.local/lib/python3.12/site-packages/airflow/example_dags/tutorial_dag.py
[2025-06-10T05:38:06.182+0000] {processor.py:830} INFO - Processing file /home/airflow/.local/lib/python3.12/site-packages/airflow/example_dags/tutorial_dag.py for tasks to queue
[2025-06-10T05:38:06.187+0000] {logging_mixin.py:188} INFO - [2025-06-10T05:38:06.186+0000] {dagbag.py:545} INFO - Filling up the DagBag from /home/airflow/.local/lib/python3.12/site-packages/airflow/example_dags/tutorial_dag.py
[2025-06-10T05:38:06.206+0000] {processor.py:840} INFO - DAG(s) 'tutorial_dag' retrieved from /home/airflow/.local/lib/python3.12/site-packages/airflow/example_dags/tutorial_dag.py
[2025-06-10T05:38:06.256+0000] {logging_mixin.py:188} INFO - [2025-06-10T05:38:06.256+0000] {dag.py:3096} INFO - Sync 1 DAGs
[2025-06-10T05:38:06.290+0000] {logging_mixin.py:188} INFO - [2025-06-10T05:38:06.289+0000] {dag.py:3954} INFO - Setting next_dagrun for tutorial_dag to None, run_after=None
[2025-06-10T05:38:06.385+0000] {processor.py:183} INFO - Processing /home/airflow/.local/lib/python3.12/site-packages/airflow/example_dags/tutorial_dag.py took 0.267 seconds
[2025-06-10T05:38:37.415+0000] {processor.py:161} INFO - Started process (PID=5341) to work on /home/airflow/.local/lib/python3.12/site-packages/airflow/example_dags/tutorial_dag.py
[2025-06-10T05:38:37.417+0000] {processor.py:830} INFO - Processing file /home/airflow/.local/lib/python3.12/site-packages/airflow/example_dags/tutorial_dag.py for tasks to queue
[2025-06-10T05:38:37.420+0000] {logging_mixin.py:188} INFO - [2025-06-10T05:38:37.419+0000] {dagbag.py:545} INFO - Filling up the DagBag from /home/airflow/.local/lib/python3.12/site-packages/airflow/example_dags/tutorial_dag.py
[2025-06-10T05:38:37.431+0000] {processor.py:840} INFO - DAG(s) 'tutorial_dag' retrieved from /home/airflow/.local/lib/python3.12/site-packages/airflow/example_dags/tutorial_dag.py
[2025-06-10T05:38:37.458+0000] {logging_mixin.py:188} INFO - [2025-06-10T05:38:37.458+0000] {dag.py:3096} INFO - Sync 1 DAGs
[2025-06-10T05:38:37.472+0000] {logging_mixin.py:188} INFO - [2025-06-10T05:38:37.472+0000] {dag.py:3954} INFO - Setting next_dagrun for tutorial_dag to None, run_after=None
[2025-06-10T05:38:37.506+0000] {processor.py:183} INFO - Processing /home/airflow/.local/lib/python3.12/site-packages/airflow/example_dags/tutorial_dag.py took 0.098 seconds
[2025-06-10T05:39:07.580+0000] {processor.py:161} INFO - Started process (PID=5405) to work on /home/airflow/.local/lib/python3.12/site-packages/airflow/example_dags/tutorial_dag.py
[2025-06-10T05:39:07.583+0000] {processor.py:830} INFO - Processing file /home/airflow/.local/lib/python3.12/site-packages/airflow/example_dags/tutorial_dag.py for tasks to queue
[2025-06-10T05:39:07.587+0000] {logging_mixin.py:188} INFO - [2025-06-10T05:39:07.587+0000] {dagbag.py:545} INFO - Filling up the DagBag from /home/airflow/.local/lib/python3.12/site-packages/airflow/example_dags/tutorial_dag.py
[2025-06-10T05:39:07.597+0000] {processor.py:840} INFO - DAG(s) 'tutorial_dag' retrieved from /home/airflow/.local/lib/python3.12/site-packages/airflow/example_dags/tutorial_dag.py
[2025-06-10T05:39:07.622+0000] {logging_mixin.py:188} INFO - [2025-06-10T05:39:07.621+0000] {dag.py:3096} INFO - Sync 1 DAGs
[2025-06-10T05:39:07.638+0000] {logging_mixin.py:188} INFO - [2025-06-10T05:39:07.637+0000] {dag.py:3954} INFO - Setting next_dagrun for tutorial_dag to None, run_after=None
[2025-06-10T05:39:07.665+0000] {processor.py:183} INFO - Processing /home/airflow/.local/lib/python3.12/site-packages/airflow/example_dags/tutorial_dag.py took 0.092 seconds
[2025-06-10T05:39:38.624+0000] {processor.py:161} INFO - Started process (PID=5467) to work on /home/airflow/.local/lib/python3.12/site-packages/airflow/example_dags/tutorial_dag.py
[2025-06-10T05:39:38.626+0000] {processor.py:830} INFO - Processing file /home/airflow/.local/lib/python3.12/site-packages/airflow/example_dags/tutorial_dag.py for tasks to queue
[2025-06-10T05:39:38.630+0000] {logging_mixin.py:188} INFO - [2025-06-10T05:39:38.629+0000] {dagbag.py:545} INFO - Filling up the DagBag from /home/airflow/.local/lib/python3.12/site-packages/airflow/example_dags/tutorial_dag.py
[2025-06-10T05:39:38.642+0000] {processor.py:840} INFO - DAG(s) 'tutorial_dag' retrieved from /home/airflow/.local/lib/python3.12/site-packages/airflow/example_dags/tutorial_dag.py
[2025-06-10T05:39:38.675+0000] {logging_mixin.py:188} INFO - [2025-06-10T05:39:38.675+0000] {dag.py:3096} INFO - Sync 1 DAGs
[2025-06-10T05:39:38.691+0000] {logging_mixin.py:188} INFO - [2025-06-10T05:39:38.691+0000] {dag.py:3954} INFO - Setting next_dagrun for tutorial_dag to None, run_after=None
[2025-06-10T05:39:38.735+0000] {processor.py:183} INFO - Processing /home/airflow/.local/lib/python3.12/site-packages/airflow/example_dags/tutorial_dag.py took 0.125 seconds
[2025-06-10T05:40:08.864+0000] {processor.py:161} INFO - Started process (PID=5530) to work on /home/airflow/.local/lib/python3.12/site-packages/airflow/example_dags/tutorial_dag.py
[2025-06-10T05:40:08.869+0000] {processor.py:830} INFO - Processing file /home/airflow/.local/lib/python3.12/site-packages/airflow/example_dags/tutorial_dag.py for tasks to queue
[2025-06-10T05:40:08.876+0000] {logging_mixin.py:188} INFO - [2025-06-10T05:40:08.875+0000] {dagbag.py:545} INFO - Filling up the DagBag from /home/airflow/.local/lib/python3.12/site-packages/airflow/example_dags/tutorial_dag.py
[2025-06-10T05:40:08.889+0000] {processor.py:840} INFO - DAG(s) 'tutorial_dag' retrieved from /home/airflow/.local/lib/python3.12/site-packages/airflow/example_dags/tutorial_dag.py
[2025-06-10T05:40:08.930+0000] {logging_mixin.py:188} INFO - [2025-06-10T05:40:08.930+0000] {dag.py:3096} INFO - Sync 1 DAGs
[2025-06-10T05:40:08.964+0000] {logging_mixin.py:188} INFO - [2025-06-10T05:40:08.964+0000] {dag.py:3954} INFO - Setting next_dagrun for tutorial_dag to None, run_after=None
[2025-06-10T05:40:09.009+0000] {processor.py:183} INFO - Processing /home/airflow/.local/lib/python3.12/site-packages/airflow/example_dags/tutorial_dag.py took 0.157 seconds
[2025-06-10T05:40:39.654+0000] {processor.py:161} INFO - Started process (PID=5593) to work on /home/airflow/.local/lib/python3.12/site-packages/airflow/example_dags/tutorial_dag.py
[2025-06-10T05:40:39.656+0000] {processor.py:830} INFO - Processing file /home/airflow/.local/lib/python3.12/site-packages/airflow/example_dags/tutorial_dag.py for tasks to queue
[2025-06-10T05:40:39.659+0000] {logging_mixin.py:188} INFO - [2025-06-10T05:40:39.658+0000] {dagbag.py:545} INFO - Filling up the DagBag from /home/airflow/.local/lib/python3.12/site-packages/airflow/example_dags/tutorial_dag.py
[2025-06-10T05:40:39.666+0000] {processor.py:840} INFO - DAG(s) 'tutorial_dag' retrieved from /home/airflow/.local/lib/python3.12/site-packages/airflow/example_dags/tutorial_dag.py
[2025-06-10T05:40:39.692+0000] {logging_mixin.py:188} INFO - [2025-06-10T05:40:39.691+0000] {dag.py:3096} INFO - Sync 1 DAGs
[2025-06-10T05:40:39.712+0000] {logging_mixin.py:188} INFO - [2025-06-10T05:40:39.712+0000] {dag.py:3954} INFO - Setting next_dagrun for tutorial_dag to None, run_after=None
[2025-06-10T05:40:39.749+0000] {processor.py:183} INFO - Processing /home/airflow/.local/lib/python3.12/site-packages/airflow/example_dags/tutorial_dag.py took 0.104 seconds
[2025-06-10T05:41:10.162+0000] {processor.py:161} INFO - Started process (PID=5662) to work on /home/airflow/.local/lib/python3.12/site-packages/airflow/example_dags/tutorial_dag.py
[2025-06-10T05:41:10.166+0000] {processor.py:830} INFO - Processing file /home/airflow/.local/lib/python3.12/site-packages/airflow/example_dags/tutorial_dag.py for tasks to queue
[2025-06-10T05:41:10.169+0000] {logging_mixin.py:188} INFO - [2025-06-10T05:41:10.168+0000] {dagbag.py:545} INFO - Filling up the DagBag from /home/airflow/.local/lib/python3.12/site-packages/airflow/example_dags/tutorial_dag.py
[2025-06-10T05:41:10.179+0000] {processor.py:840} INFO - DAG(s) 'tutorial_dag' retrieved from /home/airflow/.local/lib/python3.12/site-packages/airflow/example_dags/tutorial_dag.py
[2025-06-10T05:41:10.204+0000] {logging_mixin.py:188} INFO - [2025-06-10T05:41:10.204+0000] {dag.py:3096} INFO - Sync 1 DAGs
[2025-06-10T05:41:10.220+0000] {logging_mixin.py:188} INFO - [2025-06-10T05:41:10.219+0000] {dag.py:3954} INFO - Setting next_dagrun for tutorial_dag to None, run_after=None
[2025-06-10T05:41:10.245+0000] {processor.py:183} INFO - Processing /home/airflow/.local/lib/python3.12/site-packages/airflow/example_dags/tutorial_dag.py took 0.090 seconds
[2025-06-10T05:41:40.694+0000] {processor.py:161} INFO - Started process (PID=5725) to work on /home/airflow/.local/lib/python3.12/site-packages/airflow/example_dags/tutorial_dag.py
[2025-06-10T05:41:40.697+0000] {processor.py:830} INFO - Processing file /home/airflow/.local/lib/python3.12/site-packages/airflow/example_dags/tutorial_dag.py for tasks to queue
[2025-06-10T05:41:40.699+0000] {logging_mixin.py:188} INFO - [2025-06-10T05:41:40.698+0000] {dagbag.py:545} INFO - Filling up the DagBag from /home/airflow/.local/lib/python3.12/site-packages/airflow/example_dags/tutorial_dag.py
[2025-06-10T05:41:40.707+0000] {processor.py:840} INFO - DAG(s) 'tutorial_dag' retrieved from /home/airflow/.local/lib/python3.12/site-packages/airflow/example_dags/tutorial_dag.py
[2025-06-10T05:41:40.730+0000] {logging_mixin.py:188} INFO - [2025-06-10T05:41:40.730+0000] {dag.py:3096} INFO - Sync 1 DAGs
[2025-06-10T05:41:40.744+0000] {logging_mixin.py:188} INFO - [2025-06-10T05:41:40.744+0000] {dag.py:3954} INFO - Setting next_dagrun for tutorial_dag to None, run_after=None
[2025-06-10T05:41:40.775+0000] {processor.py:183} INFO - Processing /home/airflow/.local/lib/python3.12/site-packages/airflow/example_dags/tutorial_dag.py took 0.091 seconds
[2025-06-10T05:42:11.544+0000] {processor.py:161} INFO - Started process (PID=5788) to work on /home/airflow/.local/lib/python3.12/site-packages/airflow/example_dags/tutorial_dag.py
[2025-06-10T05:42:11.546+0000] {processor.py:830} INFO - Processing file /home/airflow/.local/lib/python3.12/site-packages/airflow/example_dags/tutorial_dag.py for tasks to queue
[2025-06-10T05:42:11.553+0000] {logging_mixin.py:188} INFO - [2025-06-10T05:42:11.553+0000] {dagbag.py:545} INFO - Filling up the DagBag from /home/airflow/.local/lib/python3.12/site-packages/airflow/example_dags/tutorial_dag.py
[2025-06-10T05:42:11.570+0000] {processor.py:840} INFO - DAG(s) 'tutorial_dag' retrieved from /home/airflow/.local/lib/python3.12/site-packages/airflow/example_dags/tutorial_dag.py
[2025-06-10T05:42:11.607+0000] {logging_mixin.py:188} INFO - [2025-06-10T05:42:11.607+0000] {dag.py:3096} INFO - Sync 1 DAGs
[2025-06-10T05:42:11.621+0000] {logging_mixin.py:188} INFO - [2025-06-10T05:42:11.620+0000] {dag.py:3954} INFO - Setting next_dagrun for tutorial_dag to None, run_after=None
[2025-06-10T05:42:11.650+0000] {processor.py:183} INFO - Processing /home/airflow/.local/lib/python3.12/site-packages/airflow/example_dags/tutorial_dag.py took 0.128 seconds
[2025-06-10T05:42:41.746+0000] {processor.py:161} INFO - Started process (PID=5851) to work on /home/airflow/.local/lib/python3.12/site-packages/airflow/example_dags/tutorial_dag.py
[2025-06-10T05:42:41.750+0000] {processor.py:830} INFO - Processing file /home/airflow/.local/lib/python3.12/site-packages/airflow/example_dags/tutorial_dag.py for tasks to queue
[2025-06-10T05:42:41.754+0000] {logging_mixin.py:188} INFO - [2025-06-10T05:42:41.753+0000] {dagbag.py:545} INFO - Filling up the DagBag from /home/airflow/.local/lib/python3.12/site-packages/airflow/example_dags/tutorial_dag.py
[2025-06-10T05:42:41.764+0000] {processor.py:840} INFO - DAG(s) 'tutorial_dag' retrieved from /home/airflow/.local/lib/python3.12/site-packages/airflow/example_dags/tutorial_dag.py
[2025-06-10T05:42:41.794+0000] {logging_mixin.py:188} INFO - [2025-06-10T05:42:41.793+0000] {dag.py:3096} INFO - Sync 1 DAGs
[2025-06-10T05:42:41.816+0000] {logging_mixin.py:188} INFO - [2025-06-10T05:42:41.816+0000] {dag.py:3954} INFO - Setting next_dagrun for tutorial_dag to None, run_after=None
[2025-06-10T05:42:41.870+0000] {processor.py:183} INFO - Processing /home/airflow/.local/lib/python3.12/site-packages/airflow/example_dags/tutorial_dag.py took 0.140 seconds
[2025-06-10T05:43:12.378+0000] {processor.py:161} INFO - Started process (PID=5914) to work on /home/airflow/.local/lib/python3.12/site-packages/airflow/example_dags/tutorial_dag.py
[2025-06-10T05:43:12.383+0000] {processor.py:830} INFO - Processing file /home/airflow/.local/lib/python3.12/site-packages/airflow/example_dags/tutorial_dag.py for tasks to queue
[2025-06-10T05:43:12.389+0000] {logging_mixin.py:188} INFO - [2025-06-10T05:43:12.388+0000] {dagbag.py:545} INFO - Filling up the DagBag from /home/airflow/.local/lib/python3.12/site-packages/airflow/example_dags/tutorial_dag.py
[2025-06-10T05:43:12.397+0000] {processor.py:840} INFO - DAG(s) 'tutorial_dag' retrieved from /home/airflow/.local/lib/python3.12/site-packages/airflow/example_dags/tutorial_dag.py
[2025-06-10T05:43:12.421+0000] {logging_mixin.py:188} INFO - [2025-06-10T05:43:12.420+0000] {dag.py:3096} INFO - Sync 1 DAGs
[2025-06-10T05:43:12.437+0000] {logging_mixin.py:188} INFO - [2025-06-10T05:43:12.437+0000] {dag.py:3954} INFO - Setting next_dagrun for tutorial_dag to None, run_after=None
[2025-06-10T05:43:12.476+0000] {processor.py:183} INFO - Processing /home/airflow/.local/lib/python3.12/site-packages/airflow/example_dags/tutorial_dag.py took 0.107 seconds
